11810,Chanel - Spain - ES,N/A,Telva,N/A,N/A,Mixed,7494199,7674246,0.998620171165,0.999746033682,0.960181365049,0.0398186349512,0.000140209214039,0.0368028337898,1.08153947632e-05,0.0,0.0,0.00304381694306,0.390746095747,0.390746095747,NULL,0.202686887024,NULL,0.0,NULL
3863,Chanel - US,N/A,Refinery29 Inc,N/A,N/A,Blocking,6793558,8013120,0.989663505627,0.979123487481,0.856656707999,0.143343292001,0.055334626213,0.000116683638832,0.0630807974921,0.000228125873567,0.0,0.0066144023801,0.729364200615,0.729364200615,NULL,0.56889674383,NULL,0.0,NULL
11810,Chanel - Spain - ES,N/A,Elle,N/A,N/A,Blocking,5542193,5569577,0.99957273451,0.999723138759,0.995508635575,0.00449136442498,0.000540436015159,0.000117423639174,0.00147838875376,0.0,0.0,0.00235709103223,0.349749999684,0.349749999684,NULL,0.167931559783,NULL,0.0,NULL
11810,Chanel - Spain - ES,N/A,Hola,N/A,N/A,Blocking,3336430,3859420,0.87224442493,0.987907509419,0.991109804064,0.00889019593618,3.44611366475e-05,0.000187333848091,0.00659658705194,0.0,0.0,0.0020881375958,0.473814226584,0.473814226584,NULL,0.191720123517,NULL,0.0,NULL
11810,Chanel - Spain - ES,N/A,Vogue,N/A,N/A,Blocking,3292025,3732778,0.998212509703,0.986174639906,0.88350284962,0.11649715038,8.81381105439e-05,0.111699918934,0.00215898186284,0.0,0.0,0.00332620905931,0.720199876975,0.720199876975,NULL,0.6239679429,NULL,0.0,NULL
11810,Chanel - Spain - ES,N/A,MarieClaire,N/A,N/A,Mixed,2926923,3344891,0.90689531234,0.992720241108,0.96326218104,0.0367378189603,0.000114801947208,0.000133636641672,0.0122823135343,0.0,0.0,0.0242465300065,0.637029399133,0.637029399133,NULL,0.408402610834,NULL,0.0,NULL
12896,Chanel - Italy - IT,N/A,RCS,N/A,N/A,Monitoring,2707015,2763056,0.997290714711,0.999032592897,0.98122441239,0.0187755876102,7.23836216132e-07,2.1715086484e-06,0.00115813794581,0.0,0.0,0.0176203450093,0.609400391206,0.609400102622,NULL,0.327407027195,0.0,0.0,0.0
12896,Chanel - Italy - IT,N/A,Conde Nast,N/A,N/A,Monitoring,2572102,2691182,0.998741526857,0.999446711519,0.956785902997,0.0432140970027,0.0,0.0001497483262,3.9016313278e-05,0.0,0.0,0.0430439115601,0.593893243736,0.5928810383,NULL,0.397898808344,0.00308593075229,0.0,0.0
11810,Chanel - Spain - ES,N/A,Yo Dona,N/A,N/A,Mixed,2247175,2286363,0.999369383432,0.999636103278,0.983199518187,0.0168004818133,0.00145821114145,0.00147701830374,1.88071622923e-05,0.0,0.0,0.0138547553472,0.481808492886,0.481808492886,NULL,0.209170095444,NULL,0.0,NULL
11461,Chanel - UK,N/A,Telegraph,N/A,N/A,Monitoring,2193076,2249291,0.9956240367,0.977982395341,0.940883149401,0.0591168505987,0.00719248865531,0.0252981939642,0.0222985820865,0.0,0.0,0.0206985223344,0.779847118841,0.779847118841,NULL,0.676759561618,NULL,0.0,NULL
3863,Chanel - US,N/A,WhoWhatWear com,N/A,N/A,Mixed,2058087,2326246,0.984580814976,0.943373142823,0.898031420581,0.101968579419,0.0063381086953,0.00157764913943,7.30791154504e-06,0.0109425228458,0.0,0.029294408244,0.423367428102,0.423367428102,NULL,0.286400662067,NULL,0.0,NULL
11810,Chanel - Spain - ES,N/A,Smoda,N/A,N/A,Mixed,1900998,2127948,0.909075171653,0.999456753642,0.981587426009,0.0184125739915,0.000922015011645,0.000459127760641,0.00660495463235,0.0,0.0,0.0109889903325,0.516627055894,0.516627055894,NULL,0.294557254517,NULL,0.0,NULL
11810,Chanel - Spain - ES,N/A,T5 ROS,N/A,N/A,Mixed,1893188,2457524,0.774660439446,0.822127474645,0.994438711484,0.00556128851641,3.25530900207e-06,0.000124922482954,0.000689311681188,0.0,0.0,0.00474624052502,0.531668804155,0.470369203431,0.849303528398,0.171741576537,0.667153696173,0.0,0.0
7935,Chanel - France - FR,N/A,Elle,N/A,N/A,Mixed,1882560,1935076,0.99317487709,0.992167232708,0.979528452629,0.0204715473707,0.000226347699005,0.000197408267169,0.00636977565739,0.0,0.0,0.0137131564858,0.606510283869,0.606512965054,NULL,0.402558057737,0.0,0.0,0.0
11461,Chanel - UK,N/A,The Times,N/A,N/A,Monitoring,1870668,1879113,0.998689887792,0.999288494093,0.984188816745,0.0158111832551,0.00241656568817,0.00673562473358,0.00355114354485,0.0,0.0,0.00318554552068,0.259820556079,0.259820556079,NULL,0.187021200034,NULL,0.0,NULL
3863,Chanel - US,N/A,StyleCaster,N/A,N/A,Blocking,1716129,2067265,0.999138918775,0.999087683485,0.830860097762,0.169139902238,0.153591339282,0.000424715747618,0.000257828580274,1.06420802364e-05,0.0,0.0168352872031,0.518492490949,0.518492490949,NULL,0.3730705206,NULL,0.0,NULL
11461,Chanel - UK,N/A,Harpers Bazaar,N/A,N/A,Monitoring,1669308,1699674,0.998901949145,0.997297717092,0.969052300618,0.0309476993824,0.00362598945445,0.00617706689636,0.00456322800725,0.0,0.0,0.0167814533846,0.429895501609,0.429895501609,NULL,0.227523084274,NULL,0.0,NULL
12561,Chanel - Mexico - MX,N/A,Expansion,N/A,N/A,Mixed,1568330,2348650,0.814374634245,0.961127881975,0.767115577034,0.232884422966,0.00507993953974,0.214815319439,8.85615140613e-05,0.0,0.0,0.0145104634577,0.562308952835,0.563991690018,0.559709000977,0.224340980831,0.19574538983,0.0,0.0
12896,Chanel - Italy - IT,N/A,TGADV SRL,N/A,N/A,Mixed,1524369,1641691,0.999247468235,0.999886702187,0.928533445088,0.071466554912,0.00266554424676,0.000107206532776,0.000157155031002,0.0,0.0,0.0686858854681,0.537302319845,0.537302319845,NULL,0.364297363223,NULL,0.0,NULL
3863,Chanel - US,N/A,NYTimes,N/A,N/A,Mixed,1502907,2021016,0.85268174507,0.991888238391,0.812360218821,0.187639781179,0.0202071631298,0.133403693984,0.016868743246,0.0,0.0,0.0181987673527,0.536400455916,0.536400455916,NULL,0.333524043476,NULL,0.0,NULL
12896,Chanel - Italy - IT,N/A,Hearst Digital,N/A,N/A,Monitoring,1501827,1540831,0.999119183635,0.999387992583,0.9665193652,0.0334806348003,6.49000441969e-07,0.00764847020861,0.00150048902183,0.0,0.0,0.0244251316335,0.367287310722,0.269133291852,0.556241138067,0.139144101974,0.000644110343375,0.0,0.0
7935,Chanel - France - FR,N/A,Le Point,N/A,N/A,Mixed,1427740,1492443,0.999315470233,0.997581147153,0.95697926152,0.0430207384805,0.00162150246274,0.0,0.035711916636,0.0,0.0,0.00573891264189,0.515689831482,0.515689831482,NULL,0.225048011287,NULL,0.0,NULL
11461,Chanel - UK,N/A,Hearst Digital Media,N/A,N/A,Monitoring,1426809,1445291,0.999095302083,0.998459825738,0.963560279556,0.0364397204438,0.0172830246642,0.00353700396668,0.00398674038654,0.0,0.0,0.0118931066477,0.395205665229,0.395205665229,NULL,0.207472011701,NULL,0.0,NULL
11461,Chanel - UK,N/A,Vogue,N/A,N/A,Monitoring,1425373,1831574,0.786860711865,0.972639380118,0.663592079818,0.336407920182,0.00453162143599,0.32144756368,0.00207198835537,0.0,0.0,0.0109616100687,0.514716498769,0.514716498769,NULL,0.208809856342,NULL,0.0,NULL
12896,Chanel - Italy - IT,N/A,Mediamond,N/A,N/A,Monitoring,1341754,1382170,0.99895618975,0.999740986999,0.971625053358,0.0283749466419,2.96635001483e-05,8.3202500416e-05,3.90690001953e-05,0.0,0.0,0.0282237351411,0.419179670789,0.419164323231,NULL,0.31380947923,0.0,0.0,0.0
12561,Chanel - Mexico - MX,N/A,Vogue,N/A,N/A,Blocking,1321207,1518249,0.894776906318,0.966964575639,0.972552591834,0.0274474081656,0.0122641279527,0.000908283160404,0.0,0.0,0.0,0.0144416363851,0.627176513597,0.627176513597,NULL,0.447886798813,NULL,0.0,NULL
12139,Chanel - Singapore - SG,N/A,Straits Times,N/A,N/A,Monitoring,1299694,1310806,0.998738219799,0.997449660743,0.732373059019,0.267626940981,0.000286846413581,0.180746807689,0.083811792134,0.0,0.0,0.00720549036242,0.272877308043,0.272877308043,NULL,0.191043905604,NULL,0.0,NULL
12896,Chanel - Italy - IT,N/A,Teads INC,N/A,N/A,Monitoring,1216449,1253604,0.999519323207,0.999985641399,0.970337522854,0.0296624771459,0.000267229523837,5.18505046251e-05,0.000192245717148,0.0,0.0,0.0291687008018,0.601377451911,NULL,0.601377451911,NULL,0.158519862201,NULL,0.0
11810,Chanel - Spain - ES,N/A,Teads INC,N/A,N/A,Monitoring,1216389,1218448,0.999344389975,0.975378514307,0.985418335456,0.0145816645437,0.000428413851063,0.000235545546466,0.0128967342061,0.0,0.0,0.00103492311531,0.562804333153,NULL,0.562804333153,NULL,0.111449868882,NULL,0.0
12896,Chanel - Italy - IT,N/A,Manzoni,N/A,N/A,Monitoring,1206184,1247925,0.999211356467,0.998390928942,0.965195023739,0.0348049762606,0.0012981549372,0.000918324418535,1.52252739548e-05,0.0,0.0,0.0326806498788,0.542594662174,0.541519082055,NULL,0.336657050652,0.406628425749,0.0,0.0
3863,Chanel - US,N/A,POPSUGAR,N/A,N/A,Blocking,1179409,1949577,0.612811794329,0.875631483137,0.987181321897,0.012818678103,0.0042963165856,0.000182603713523,0.00240308538724,0.0,0.0,0.00599719836662,0.815050588897,0.815050588897,NULL,0.276763483715,NULL,0.0,NULL
11461,Chanel - UK,N/A,Glamour,N/A,N/A,Monitoring,1169409,1378851,0.869643043058,0.976280975972,0.963529779505,0.0364702204952,2.90096609423e-06,0.00804147801322,0.00374297150308,1.45048304712e-06,0.0,0.0247561194067,0.481486802308,0.481486802308,NULL,0.261551070437,NULL,0.0,NULL
11461,Chanel - UK,N/A,Conde Nast,N/A,N/A,Monitoring,1146672,1318029,0.900596590106,0.963594124257,0.478815716498,0.521184283502,0.0731417897482,0.414517434745,0.00485421792692,1.51741729507e-06,0.0,0.0335212654653,0.478286728899,0.478286728899,NULL,0.290632503281,NULL,0.0,NULL
12561,Chanel - Mexico - MX,N/A,Glamour,N/A,N/A,Blocking,993080,1148598,0.88735597264,0.996327696897,0.97435743402,0.0256425659804,0.00518632280397,0.000803588374697,0.000619015530238,0.0,0.0,0.0191372438399,0.608213839771,0.608213839771,NULL,0.396121762079,NULL,0.0,NULL
12561,Chanel - Mexico - MX,N/A,Teads,N/A,N/A,Monitoring,958089,971591,0.997652921925,0.999896046793,0.97677829457,0.0232217054295,0.0108574492765,0.000391111074516,0.000544467785313,0.0,0.0,0.0115521860536,0.686298454528,NULL,0.686298454528,NULL,0.00151439545424,NULL,0.0
12896,Chanel - Italy - IT,N/A,Hearst Digital Media,N/A,N/A,Mixed,942011,973983,0.996043364388,0.999450709099,0.959894577215,0.0401054227846,1.0267119652e-06,0.0178165327321,3.18280709212e-05,0.0,0.0,0.0260415222853,0.509534389726,0.516010846799,0.497678779083,0.240028568286,0.00160145588071,0.0,0.0
7935,Chanel - France - FR,N/A,MPublicite,N/A,N/A,Mixed,920462,1114418,0.904188416873,0.992387954968,0.905565057277,0.0944349427235,0.00270455071616,0.0,0.0682948408945,0.0,0.0,0.0238698585271,0.452078412797,0.452078412797,NULL,0.266410541264,NULL,0.0,NULL
11810,Chanel - Spain - ES,N/A,Mujer Hoy,N/A,N/A,Blocking,918990,1075551,0.887526304963,0.984186709882,0.962716784234,0.0372832157657,7.15912123182e-05,0.000307749237368,0.0145506814647,0.0,0.0,0.022494516764,0.457398883557,0.457398883557,NULL,0.180527089996,NULL,0.0,NULL
11810,Chanel - Spain - ES,N/A,cosmo,N/A,N/A,Blocking,907774,921911,0.998622701661,0.999707130081,0.986023596638,0.0139764033621,0.000632382084605,0.000472930684198,0.00321723029663,0.0,0.0,0.00967446966139,0.440145895344,0.440145895344,NULL,0.183642936265,NULL,0.0,NULL
7935,Chanel - France - FR,N/A,CondeNast,N/A,N/A,Mixed,884510,951339,0.997295100174,0.993227440481,0.932251279512,0.0677487204876,0.000576030205847,0.0,0.0239283788429,0.0,0.0,0.0443732465504,0.336500435269,0.336079700084,NULL,0.226300085208,0.0,0.0,0.0
11810,Chanel - Spain - ES,N/A,Ad.com,N/A,N/A,Blocking,879988,890591,0.998456909189,0.999336395719,0.989621498533,0.010378501467,0.000269483971879,0.00139121100483,0.000217832877269,0.0,0.0,0.0085145706615,0.554707564194,0.554707564194,NULL,0.270359578808,NULL,0.0,NULL
12896,Chanel - Italy - IT,N/A,Hearst,N/A,N/A,Mixed,835032,891183,0.995226670576,0.999524227908,0.940866241838,0.0591337581619,0.0,3.25410157061e-05,0.000856165344267,0.0,0.0,0.0582719822977,0.502192730338,0.502192730338,NULL,0.263257604092,NULL,0.0,NULL
12896,Chanel - Italy - IT,N/A,Sky,N/A,N/A,Monitoring,756064,759766,0.999816186923,0.507028479821,0.995285390502,0.00471460949819,5.26477889245e-06,1.97429208467e-05,0.0,0.0,0.0,0.00468960179845,0.578542292716,NULL,0.578542292716,NULL,0.551003214032,NULL,0.0
13352,Chanel - Australia - AU,N/A,Bauer,N/A,N/A,Mixed,725719,753367,0.980685448344,0.992165836836,0.982263624502,0.0177363754983,0.0,0.000881376540252,0.0125290860895,0.0,0.0,0.00437635309218,0.692316171962,0.692316171962,NULL,0.496047144934,NULL,0.0,NULL
11940,Chanel - Hong Kong - HK,N/A,StyleTips HK,N/A,N/A,Blocking,682144,693742,0.999885667715,0.997986283085,0.983394403107,0.0166055968934,0.0,0.00334562416576,0.0,0.0,0.0,0.0133781722888,0.928619177183,0.928619177183,NULL,0.754562482527,NULL,0.0,NULL
11461,Chanel - UK,N/A,cosmo,N/A,N/A,Monitoring,673013,676252,0.999278395365,0.999707209738,0.995528294186,0.00447170581381,0.0,9.31605377877e-05,0.0003578547642,0.0,0.0,0.00407096762745,0.441792357651,0.441792357651,NULL,0.248090235765,NULL,0.0,NULL
7935,Chanel - France - FR,N/A,Figaro,N/A,N/A,Mixed,667901,682042,0.99716780283,0.992663208424,0.982048026368,0.0179519736321,0.000727227941974,0.0,0.00888068476721,0.0,0.0,0.00849214564499,0.378490225348,0.378490225348,NULL,0.217706441269,NULL,0.0,NULL
7935,Chanel - France - FR,N/A,Vogue,N/A,N/A,Blocking,661053,705491,0.990923508637,0.971057036872,0.945593919696,0.0544060803044,0.0,2.55141454675e-05,0.0125472897599,0.0,0.0,0.0425363328519,0.592003969425,0.592003969425,NULL,0.348431526355,NULL,0.0,NULL
11858,Chanel - Canada - CA,N/A,Fuel Digital Media,N/A,N/A,Monitoring,618388,623675,0.997042994283,0.994801779773,0.972548202189,0.0274517978114,0.0130901511204,0.00374393714675,0.00523670180783,0.0,0.0,0.00553653745941,0.697802997471,0.697802997471,NULL,0.506133965115,NULL,0.0,NULL
11940,Chanel - Hong Kong - HK,N/A,Now News Mobile HK,N/A,N/A,Monitoring,603507,624926,0.965866188674,0.984786998781,0.997305280945,0.00269471905474,0.0,0.00254590143473,0.0,0.0,0.0,0.000145617241081,0.442036297839,0.442036297839,NULL,0.0100448653023,NULL,0.0,NULL
11810,Chanel - Spain - ES,N/A,Harpers Bazaar,N/A,N/A,Mixed,594418,789981,0.774278174197,0.999384795331,0.96606627248,0.03393372752,0.0,0.000417731565696,0.0269778640246,0.0,0.0,0.00656471484757,0.352260530468,0.352260530468,NULL,0.117537488985,NULL,0.0,NULL
12896,Chanel - Italy - IT,N/A,Websystem,N/A,N/A,Monitoring,570394,607202,0.956772034588,0.873399626483,0.871186195039,0.128813804961,0.0019762780755,0.104507231531,0.00488964133847,0.0,0.0,0.0181685831074,0.78586731277,NULL,0.785866186528,0.0,0.465531255365,0.0,0.0
11461,Chanel - UK,N/A,Teads INC,N/A,N/A,Monitoring,560578,633938,0.886094597393,0.999447895536,0.94280197748,0.0571980225196,0.0127993589278,6.46750944099e-05,0.0423905807823,0.0,0.0,0.00204909628386,0.558111449254,NULL,0.558111449254,0.0,0.0834154045198,0.0,0.0
7935,Chanel - France - FR,N/A,Marie Claire,N/A,N/A,Mixed,559167,572528,0.999486999825,0.993015188777,0.976586297963,0.0234137020373,0.00095541178772,0.0,0.00521546544448,0.0,0.0,0.0172515580024,0.375460282885,0.375460282885,NULL,0.166355582443,NULL,0.0,NULL
12445,Chanel - Malaysia - MY,N/A,Xaxis MY,N/A,N/A,Mixed,559130,660021,0.902782150705,0.990544240259,0.937753495722,0.0622465042779,0.0466833631051,0.00735582655703,0.0,0.0,0.0,0.00151510330732,0.542598322394,0.542598322394,NULL,0.234625448826,NULL,0.0,NULL
3863,Chanel - US,N/A,Fashionista,N/A,N/A,Blocking,527095,569366,0.998316236856,0.987275320269,0.927319158503,0.0726808414974,0.0329225840672,0.00147181250724,0.00131549829108,0.000684972407906,0.0,0.0270651918098,0.582265056584,0.582265056584,NULL,0.457324952519,NULL,0.0,NULL
11461,Chanel - UK,N/A,Esquire,N/A,N/A,Monitoring,518845,530014,0.998916073684,0.996675559514,0.726311003106,0.273688996894,0.245152014852,0.00713754731007,0.00466968797051,0.0,0.0,0.0200070186825,0.400344997061,0.400344997061,NULL,0.227421346519,NULL,0.0,NULL
11461,Chanel - UK,N/A,WhoWhatWear com,N/A,N/A,Monitoring,495100,501818,0.997391190483,0.998991666301,0.978561948754,0.0214380512457,0.00229963851436,0.00461322630914,0.000478261042848,0.00339166789553,0.0,0.010806706814,0.792569177944,0.792569177944,NULL,0.64324025797,NULL,0.0,NULL
11461,Chanel - UK,N/A,National Magazine Ltd,N/A,N/A,Monitoring,467906,475513,0.999141590577,0.997234565617,0.949845745542,0.0501542544578,0.0254504082959,0.00671695621361,0.00314817891414,0.0,0.0,0.0151331299039,0.4083555244,0.4083555244,NULL,0.205425448605,NULL,0.0,NULL
12541,Chanel - Taiwan - TW,N/A,Vogue TW,N/A,N/A,Blocking,467687,578050,0.903161830165,0.999742236831,0.895827350575,0.104172649425,1.03797249373e-05,0.103902776576,0.0,0.0,0.0,0.000619323587925,0.155911966764,0.155911966764,NULL,0.0884352967632,NULL,0.0,NULL
7935,Chanel - France - FR,N/A,Teads,N/A,N/A,Monitoring,428076,428636,0.999691738594,0.866371466699,0.962056383505,0.0379436164951,0.0146861206245,0.0,0.0223266361202,0.0,0.0,0.000996183241725,0.495683009559,NULL,0.495683009559,NULL,0.150342170101,NULL,0.0
11461,Chanel - UK,N/A,POPSUGAR,N/A,N/A,Monitoring,408458,493506,0.837768046682,0.913782203256,0.974180658391,0.0258193416088,0.00282671335303,0.00608503240082,0.00487734698261,0.0,0.0,0.0120626699574,0.65804072879,0.65804072879,NULL,0.359526932541,NULL,0.0,NULL
11858,Chanel - Canada - CA,N/A,Rogers,N/A,N/A,Monitoring,402431,510862,0.796274970716,0.969533846714,0.958875391006,0.0411246089942,0.0137453950382,0.00774377424823,0.0127764445193,0.0,0.0,0.0107034776515,0.509714708857,0.509714708857,NULL,0.224208439614,NULL,0.0,NULL
11810,Chanel - Spain - ES,N/A,A3,N/A,N/A,Monitoring,393593,1411651,0.279287973303,0.445204940881,0.997872703664,0.00212729633599,0.000262104443662,0.000182056329787,0.0,0.0,0.0,0.00168455234332,0.925674491162,NULL,0.925674491162,0.0,0.706012282136,0.0,0.0
12896,Chanel - Italy - IT,N/A,Vice Media,N/A,N/A,Mixed,360441,387797,0.999437118044,0.999773077151,0.927064933457,0.0729350665425,0.00717643509362,0.000448688360147,0.00148789186095,0.0,0.0,0.0642887902691,0.312838994454,0.312838994454,NULL,0.16573908122,NULL,0.0,NULL
12561,Chanel - Mexico - MX,N/A,Caras,N/A,N/A,Blocking,353143,364212,0.999592399381,0.99796547066,0.970003734089,0.0299962659111,0.00675979923781,0.000980198346018,0.000247108826727,0.0,0.0,0.0221519334893,0.428472318579,0.428472318579,NULL,0.217175862399,NULL,0.0,NULL
7935,Chanel - France - FR,N/A,La Parisienne,N/A,N/A,Blocking,347806,407289,0.872100778809,0.999759384614,0.979191679618,0.0208083203818,0.00230057772245,0.000333915229726,0.0161040440572,0.0,0.0,0.00213607536663,0.564228334186,0.564228334186,NULL,0.300701774088,NULL,0.0,NULL
13352,Chanel - Australia - AU,N/A,Bauer Media,N/A,N/A,Blocking,329835,346391,0.970851067587,0.990112329708,0.98079338089,0.0192066191096,0.0,0.000710180114379,0.0156095279612,0.0,0.0,0.00308899480645,0.732575378598,0.732575378598,NULL,0.542250458192,NULL,0.0,NULL
7935,Chanel - France - FR,N/A,Adotmob,N/A,N/A,Monitoring,329616,346358,0.952176814349,0.383912021665,0.999263767547,0.000736232453127,0.000103938699265,1.15487443628e-05,8.37283966301e-05,0.0,0.0,0.000539903798959,0.618101063055,0.618101063055,NULL,0.1107705824,NULL,0.0,NULL
12445,Chanel - Malaysia - MY,N/A,Mongoose Asia MY,N/A,N/A,Blocking,316889,502153,0.9985032959,0.994244781969,0.631956794045,0.368043205955,0.0179208328936,0.347694826079,0.0,0.0,0.0,0.00579703795457,0.181574620766,0.181574620766,NULL,0.0461434698536,NULL,0.0,NULL
11810,Chanel - Spain - ES,N/A,Vanity Fair,N/A,N/A,Blocking,304596,315512,0.998354627038,0.999293212303,0.966993331474,0.0330066685261,0.000167980932579,0.00132800020284,0.00689038768731,0.0,0.0,0.0246361469611,0.560161656752,0.560161656752,NULL,0.356415414943,NULL,0.0,NULL
11461,Chanel - UK,N/A,MarieClaire,N/A,N/A,Monitoring,303171,323678,0.993957654403,0.98261852829,0.897410389338,0.102589610662,0.0135628618565,0.00631491791225,0.0278579328839,0.0,0.0,0.0576591550862,0.710028333845,0.710028333845,NULL,0.565361647905,NULL,0.0,NULL
11858,Chanel - Canada - CA,N/A,Globe and Mail,N/A,N/A,Monitoring,301594,305252,0.998272186842,0.999305491856,0.940341095226,0.0596589047738,0.0289891630522,0.00307614692123,0.0189253469265,0.0,0.0,0.0102734789616,0.595804293189,0.595804293189,NULL,0.29350055677,NULL,0.0,NULL
12561,Chanel - Mexico - MX,N/A,HARPERS BAZAAR MX,N/A,N/A,Blocking,294463,306871,0.999670695274,0.999133186257,0.95988216547,0.0401178345298,0.0168442114113,0.000726689716526,0.000371491603964,0.0,0.0,0.0224622072467,0.302890346156,0.302890346156,NULL,0.16279628097,NULL,0.0,NULL
11940,Chanel - Hong Kong - HK,N/A,HK Movie,N/A,N/A,Monitoring,294207,294693,0.999500601317,0.999938919486,0.980240453625,0.0197595463754,0.0,0.0185990166037,0.0,0.0,0.0,0.00115034968594,0.795786640019,0.795786640019,NULL,0.700204930148,NULL,0.0,NULL
11940,Chanel - Hong Kong - HK,N/A,Elle Mobile HK,N/A,N/A,Blocking,291705,367106,0.992376150722,0.999163729277,0.800706063099,0.199293936901,0.0,0.154527575142,0.0439627791428,0.0,0.0,0.000877130855938,0.757813544506,0.757813544506,NULL,0.568045386044,NULL,0.0,NULL
12896,Chanel - Italy - IT,N/A,Vice,N/A,N/A,Monitoring,290832,293952,0.998818583949,0.997543816678,0.963881858263,0.0361181417374,0.00571181689528,0.00221804920531,0.0193943228826,0.0,0.0,0.00944371870237,0.465124195412,0.465124195412,NULL,0.307883700223,NULL,0.0,NULL
3863,Chanel - US,N/A,Ebuzzing,N/A,N/A,Monitoring,287208,288858,0.999707614552,0.96963213759,0.718221409828,0.281778590172,0.23546863857,6.92381723892e-05,0.011853575113,0.0,0.0,0.00541788698946,0.632562463441,NULL,0.632562463441,NULL,0.000228422048535,NULL,0.0
12561,Chanel - Mexico - MX,N/A,Marie Claire MX,N/A,N/A,Blocking,273709,284056,0.999682245175,0.999602191117,0.963880361619,0.0361196383812,0.017531754302,0.000732249978877,0.000369645422029,0.0,0.0,0.0177711437181,0.317556236733,0.317556236733,NULL,0.175621020969,NULL,0.0,NULL
11256,Chanel - Central - FR,N/A,NYT Global Editions,N/A,N/A,Monitoring,256015,2847489,0.0916170973253,0.484540238786,0.974625714094,0.0253742859059,0.000972084527807,0.0,0.00579598375973,0.0,0.0,0.0186434433987,0.706982012773,0.706982012773,NULL,0.0409444190253,NULL,0.0,NULL
11461,Chanel - UK,N/A,Vanity Fair,N/A,N/A,Monitoring,255222,288652,0.889495310687,0.992333328714,0.983419480897,0.0165805191026,0.0,0.00552914928703,0.00608691434669,0.0,0.0,0.0059691254521,0.360913244156,0.360913244156,NULL,0.216096128251,NULL,0.0,NULL
11461,Chanel - UK,N/A,Tatler,N/A,N/A,Monitoring,255066,314165,0.835479359173,0.967739881909,0.946859134531,0.0531408654688,0.00549711139051,0.017567201948,0.00219311508284,0.0,0.0,0.0282399376124,0.562607325163,0.562607325163,NULL,0.283460555834,NULL,0.0,NULL
11940,Chanel - Hong Kong - HK,N/A,UA Cinema,N/A,N/A,Monitoring,250605,251063,0.999688850062,0.999892457272,0.908564782545,0.0914352174554,0.0,0.0898579241067,0.0,0.0,0.0,0.00151356432449,0.643227389717,0.643227389717,NULL,0.637152173191,NULL,0.0,NULL
7935,Chanel - France - FR,N/A,Prisma Media,N/A,N/A,Mixed,206821,226336,0.927465066638,0.991923511947,0.980626148735,0.0193738512654,0.000706913615156,0.0,0.00933567793016,0.0,0.0,0.00956984306518,0.539862973296,0.539862973296,NULL,0.318601516865,NULL,0.0,NULL
13352,Chanel - Australia - AU,N/A,Grazia Australia,N/A,N/A,Blocking,204587,212472,0.997411246209,0.997802063331,0.965035392899,0.0349646071012,4.70650250386e-06,0.0258481117512,0.00553955344704,0.0,0.0,0.00460766595128,0.412777937992,0.412777937992,NULL,0.240930297504,NULL,0.0,NULL
11461,Chanel - UK,N/A,i-D Magazine,N/A,N/A,Monitoring,200248,203752,0.99954576992,0.999273626762,0.854690996898,0.145309003102,0.128494444226,0.00121716596647,0.000265028073344,0.0,0.0,0.0167409399662,0.0548170268867,0.0548170268867,NULL,0.0418699268278,NULL,0.0,NULL
12561,Chanel - Mexico - MX,N/A,GQ Magazine,N/A,N/A,Blocking,194394,249942,0.883544833103,0.996423170175,0.880268222228,0.119731777772,0.104008129886,0.00136031559322,8.40194925223e-05,0.0,0.0,0.0158876859431,0.427559492577,0.427559492577,NULL,0.194423460432,NULL,0.0,NULL
3863,Chanel - US,N/A,Vice,N/A,N/A,Blocking,184625,208087,0.999231464493,0.999879857944,0.887931490194,0.112068509806,0.103994963645,0.00090827394311,0.000494985270584,0.0,0.0,0.00764584044174,0.176633716994,0.176633716994,NULL,0.109540024751,NULL,0.0,NULL
7935,Chanel - France - FR,N/A,Les Echos,N/A,N/A,Blocking,165272,185769,0.906330030216,0.990159822145,0.98161157136,0.0183884286399,1.07660589226e-05,0.0,0.0025461729352,0.0,0.0,0.0165043683284,0.36147078755,0.36147078755,NULL,0.171196764521,NULL,0.0,NULL
11461,Chanel - UK,N/A,National Magazine,N/A,N/A,Monitoring,162979,169331,0.999000870407,0.99516331918,0.925270623808,0.0747293761922,0.0247621522344,0.00829735842817,0.00642528538779,1.18111863746e-05,0.0,0.0365497162362,0.365777186018,0.365777186018,NULL,0.158181528403,NULL,0.0,NULL
11461,Chanel - UK,N/A,The Week,N/A,N/A,Monitoring,152294,154072,0.997988217639,0.995313879225,0.912450023366,0.0875499766343,0.0,0.00345293109715,0.0760228983852,0.0,0.0,0.00954099382107,0.710100200927,0.710100200927,NULL,0.566531569937,NULL,0.0,NULL
7935,Chanel - France - FR,N/A,Forbes,N/A,N/A,Mixed,149265,151185,0.997734017807,0.999279029004,0.988457849654,0.0115421503456,0.000727585408605,0.0,0.00474253398155,0.0,0.0,0.00607864536826,0.357431413928,0.357431413928,NULL,0.238874522677,NULL,0.0,NULL
7935,Chanel - France - FR,N/A,Lemonde France,N/A,N/A,Blocking,134264,141970,0.999330127871,0.997985489892,0.946354863704,0.0536451362964,0.00515601887723,0.000345143340142,0.0312812566035,0.0,0.0,0.0171937733324,0.342735208246,0.342735208246,NULL,0.18939278943,NULL,0.0,NULL
7935,Chanel - France - FR,N/A,Daily Motion,N/A,N/A,Monitoring,131204,257684,0.999824731191,0.999996119278,0.508440570621,0.491559429379,0.000811070924078,0.0,3.88072212477e-06,0.0,0.0,0.490744477732,0.984192555105,NULL,0.984192555105,NULL,0.584514113254,NULL,0.0
7935,Chanel - France - FR,N/A,TF1,N/A,N/A,Monitoring,126225,189448,0.667634597991,0.691604028546,0.997893881171,0.00210611882944,5.27849330687e-06,0.0,6.86204129893e-05,0.0,0.0,0.00203221992315,0.946341849871,NULL,0.946341849871,0.0,0.843748930015,0.0,0.0
11940,Chanel - Hong Kong - HK,N/A,StyleTips Mobile HK,N/A,N/A,Blocking,124657,129123,0.999887704438,0.999961277232,0.965505758076,0.0344942419244,0.0,0.00500298165315,0.0,0.0,0.0,0.03029669385,0.834088739501,0.834088739501,NULL,0.355459598592,NULL,0.0,NULL
11461,Chanel - UK,N/A,Financial Times,N/A,N/A,Monitoring,117464,121511,0.991809784352,0.990124350882,0.841792101127,0.158207898873,0.120046744739,0.0138341384731,0.000411485379924,0.0,0.0,0.0253228102806,0.636016141116,0.636016141116,NULL,0.266792482665,NULL,0.0,NULL
7935,Chanel - France - FR,N/A,The Watch Observer,N/A,N/A,Blocking,109400,115556,0.953875664836,0.999844231368,0.992505798055,0.00749420194538,0.0,0.0,0.00548651735955,0.0,0.0,0.00200768458583,0.593519195612,0.593519195612,NULL,0.305136016632,NULL,0.0,NULL
11461,Chanel - UK,N/A,WallPaper,N/A,N/A,Monitoring,99521,160087,0.993937759668,0.650365113969,0.48426168271,0.51573831729,0.0,0.446032469845,0.00051222147957,0.0,0.0,0.374365188929,0.549984425398,0.549984425398,NULL,0.612358717405,NULL,0.0,NULL
11461,Chanel - UK,N/A,Mobkoi,N/A,N/A,Monitoring,96596,112895,0.862025576269,0.999202799061,0.920651933212,0.0793480667877,0.000177155764206,0.000212586917047,0.0717303689269,0.0,0.0,0.00742282652022,0.933506563419,0.933506563419,NULL,0.390475481781,NULL,0.0,NULL
7935,Chanel - France - FR,N/A,FranceTV,N/A,N/A,Monitoring,92447,94792,0.999610739271,0.998881762174,0.966642754663,0.0333572453372,0.00434635834248,0.0,0.00549624440881,0.0,0.0,0.0243480462486,0.547081030212,NULL,0.547081030212,0.0,0.264285115574,0.0,0.0
11858,Chanel - Canada - CA,N/A,Ideon Media,N/A,N/A,Monitoring,82154,82619,0.998832826748,0.998898558443,0.91451118992,0.08548881008,0.0660259746547,0.00369164477905,0.0121763758942,0.0,0.0,0.00446628499498,0.4284027558,0.4284027558,NULL,0.249155794162,NULL,0.0,NULL
12561,Chanel - Mexico - MX,N/A,Vanidades,N/A,N/A,Blocking,81387,84271,0.995170086327,0.874025465463,0.970464335299,0.0295356647008,0.0066570943741,0.000403460265097,0.0,0.0,0.0,0.0225700418887,0.462874906312,0.462874906312,NULL,0.206073958387,NULL,0.0,NULL
3863,Chanel - US,N/A,Vogue,N/A,N/A,Mixed,79410,83925,0.961787682432,0.962144772118,0.976085790885,0.0239142091153,0.00886505808758,0.00818588025022,0.00015490020852,0.0,0.0,0.00675603217158,0.808701674852,0.808701674852,NULL,0.598259637111,NULL,0.0,NULL
11940,Chanel - Hong Kong - HK,N/A,Harpers Bazaar Mobile HK,N/A,N/A,Blocking,75554,90096,0.999536969665,0.997702450719,0.838982862724,0.161017137276,0.0,0.153114455692,0.0047171905523,0.0,0.0,0.00320768957556,0.599121158377,0.599121158377,NULL,0.443439344649,NULL,0.0,NULL
11940,Chanel - Hong Kong - HK,N/A,Elle HK,N/A,N/A,Blocking,67303,101301,0.999242806663,0.996357390352,0.664889783911,0.335110216089,0.0,0.291537102299,0.0410657347904,0.0,0.0,0.0051332168488,0.840230004606,0.840230004606,NULL,0.394417999465,NULL,0.0,NULL
11461,Chanel - UK,N/A,Mens Health,N/A,N/A,Monitoring,64733,66149,0.99827280438,0.994829853815,0.909250328803,0.0907496711968,0.0612707675097,0.00745287154757,0.00331070764486,0.0,0.0,0.0197130720041,0.285835663417,0.285835663417,NULL,0.127409238546,NULL,0.0,NULL
12561,Chanel - Mexico - MX,N/A,SEVENTEEN MX,N/A,N/A,Blocking,61116,411135,0.999313254194,0.998873849222,0.148754058886,0.851245941114,0.845556812239,0.0014982913155,0.0,0.0,0.0,0.0162282461965,0.735535702598,0.735535702598,NULL,0.307636874145,NULL,0.0,NULL
11858,Chanel - Canada - CA,N/A,St Joseph Media,N/A,N/A,Monitoring,53626,64812,0.838286098388,0.972967968895,0.821313954206,0.178686045794,0.00823921496019,0.160201814479,0.00129605628587,0.0,0.0,0.0129759921002,0.389344720844,0.389344720844,NULL,0.191061164498,NULL,0.0,NULL
11461,Chanel - UK,N/A,GQ,N/A,N/A,Monitoring,53306,56957,0.940904437462,0.994206155521,0.879347577997,0.120652422003,0.100286180803,0.00398546271749,0.0118686026301,0.0,0.0,0.00531980265815,0.324766442802,0.324766442802,NULL,0.195435136717,NULL,0.0,NULL
11810,Chanel - Spain - ES,N/A,TAPTAP Networks - Sonata,N/A,N/A,Monitoring,53197,53982,0.999154802599,0.930328628061,0.816642584565,0.183357415435,0.00157459894039,0.0126894149902,0.164536326924,0.0,0.0,0.0136897484347,0.361411357783,NULL,0.361411357783,0.0,0.00420207128647,0.0,0.0
12561,Chanel - Mexico - MX,N/A,Cosmopolitan Mexico,N/A,N/A,Blocking,52514,662567,0.998972759093,0.999091412642,0.0793399007195,0.920660099281,0.918231665628,0.000568999059718,3.01856265102e-06,0.0,0.0,0.0162534505944,0.697661575961,0.697661575961,NULL,0.281468689417,NULL,0.0,NULL
11461,Chanel - UK,N/A,Wired com,N/A,N/A,Monitoring,50071,55602,0.910779249127,0.989460810762,0.883331534837,0.116668465163,0.0873709578792,0.00267975972087,0.016006618467,0.0,0.0,0.0112765727852,0.305965528949,0.305965528949,NULL,0.188085610338,NULL,0.0,NULL
12445,Chanel - Malaysia - MY,N/A,BluInc Media Sdn Bhd,N/A,N/A,Blocking,48996,61183,0.999673549335,0.994459245215,0.801072193256,0.198927806744,0.134710622232,0.0637268522302,0.0,0.0,0.0,0.00282758282529,0.130459629357,0.130459629357,NULL,0.00630372501628,NULL,0.0,NULL
11940,Chanel - Hong Kong - HK,N/A,Harpers Bazaar HK,N/A,N/A,Blocking,41960,67827,0.999952337829,0.992200746016,0.618662184676,0.381337815324,0.0,0.366564937267,0.00771079363675,0.0,0.0,0.00835950285285,0.758484270734,0.758484270734,NULL,0.281504728292,NULL,0.0,NULL
12561,Chanel - Mexico - MX,N/A,Yume,N/A,N/A,Monitoring,5759,291601,0.0201228545871,0.0167420550684,0.98067564926,0.0193243507395,0.000778460979215,7.54455574569e-05,0.0,0.0,0.0,0.0185287430427,0.214967876367,NULL,NULL,NULL,0.0593944010902,NULL,0.0
12896,Chanel - Italy - IT,N/A,Discovery,N/A,N/A,Monitoring,106,318289,0.000338672213223,0.999883753444,0.973442374697,0.0265576253028,0.0057274992224,0.00424457018621,1.2567195222e-05,0.0,0.0,0.0166578172667,0.849056603774,NULL,NULL,0.0,0.0,0.0,0.0
11940,Chanel - Hong Kong - HK,N/A,Etnet,N/A,N/A,Monitoring,30,376923,7.96210040209e-05,0.992762447503,0.949774887709,0.0502251122908,0.0,0.0498908265083,0.0,0.0,0.0,0.000366122523698,0.1,0.1,NULL,0.0,NULL,0.0,NULL
11940,Chanel - Hong Kong - HK,N/A,Teads HK Mobile,N/A,N/A,Monitoring,27,481823,5.6086414624e-05,0.968073338135,0.961620761151,0.0383792388491,0.00201526286624,0.000242827760402,0.00336430597958,7.26407830261e-05,0.0,0.000877915749144,0.888888888889,NULL,NULL,0.0,0.0,0.0,0.0
3863,Chanel - US,N/A,Flipboard,N/A,N/A,Monitoring,2,723996,2.77341350347e-06,0.0,0.0,1.0,0.0,0.0787697722087,0.0,0.0,0.0,0.00395444173725,1.0,NULL,NULL,0.0,0.0,0.0,0.0
3863,Chanel - US,N/A,Hulu - ROS,N/A,N/A,Monitoring,0,5194077,0.0,0.470585630517,0.989983013344,0.0100169866561,7.70107951807e-05,0.00565105215036,1.92526987952e-07,1.92526987952e-07,0.0,0.00429585468217,NULL,NULL,NULL,NULL,NULL,0.0,NULL
3863,Chanel - US,N/A,Vevo,N/A,N/A,Monitoring,0,2119412,0.0,0.563362857245,0.749128060047,0.250871939953,0.00579547534882,0.000795975487541,3.77463183185e-06,0.0,0.0,0.0439499257341,NULL,NULL,NULL,NULL,NULL,0.0,NULL
3863,Chanel - US,N/A,Zefr,N/A,N/A,Monitoring,0,1057878,0.0,0.329687355253,0.974696515099,0.0253034849009,0.00145763500139,0.000970811379006,0.0,0.0,0.0,0.0228703120776,NULL,NULL,NULL,0.0,NULL,0.0,NULL
7935,Chanel - France - FR,N/A,Advideum,N/A,N/A,Monitoring,0,500382,0.0,0.389464449161,0.996376768149,0.00362323185087,0.0,0.0,7.993892666e-06,0.0,0.0,0.0036152379582,NULL,NULL,NULL,NULL,NULL,0.0,NULL
11461,Chanel - UK,N/A,Flipboard,N/A,N/A,Monitoring,0,820757,0.0,0.0,0.995332357811,0.00466764218886,0.0,0.00116355998182,0.0,0.0,0.0,0.00350651898187,NULL,NULL,NULL,NULL,NULL,0.0,NULL
11940,Chanel - Hong Kong - HK,N/A,MyTV Super Mobile HK,N/A,N/A,Monitoring,0,546478,0.0,0.0,0.0,1.0,0.0,0.000506882253265,0.0,0.0,0.0,0.000733789832345,NULL,NULL,NULL,NULL,NULL,0.0,NULL
11940,Chanel - Hong Kong - HK,N/A,Viu TV Mobile HK,N/A,N/A,Monitoring,0,1024462,0.0,0.0,0.0,1.0,0.0,8.68748670034e-05,0.0,0.0,0.0,0.000774064826221,NULL,NULL,NULL,NULL,NULL,0.0,NULL
11940,Chanel - Hong Kong - HK,N/A,Yahoo Hong Kong,N/A,N/A,Monitoring,0,432835,0.0,0.011558677094,0.0115263322051,0.988473667795,0.0,0.000196379682789,0.0,0.0,0.0,0.000635346032553,NULL,NULL,NULL,NULL,NULL,0.0,NULL
11940,Chanel - Hong Kong - HK,N/A,YouTube,N/A,N/A,Monitoring,0,2171153,0.0,0.216214149809,0.214878453983,0.785121546017,0.000296156005588,0.00222600618197,0.0,0.0,0.0,0.0080740509766,NULL,NULL,NULL,NULL,NULL,0.0,NULL
11940,Chanel - Hong Kong - HK,N/A,YouTube HK,N/A,N/A,Monitoring,0,1203266,0.0,0.24157584441,0.239737514398,0.760262485602,0.000469555360161,0.00159233286738,8.31071433914e-07,0.0,0.0,0.00891074791443,NULL,NULL,NULL,NULL,NULL,0.0,NULL
12238,Chanel - Switzerland - CH,N/A,YouTube,N/A,N/A,Monitoring,0,185527,0.0,0.369595800072,0.971050035844,0.0289499641562,0.000269502552189,0.00209672985603,0.0,5.39005104378e-06,0.0,0.0265783416969,NULL,NULL,NULL,NULL,NULL,0.0,NULL
12445,Chanel - Malaysia - MY,N/A,YouTube,N/A,N/A,Monitoring,0,386444,0.0,0.14429257538,0.143751746696,0.856248253304,0.000258769705313,0.000747844448355,0.0,0.0,0.0,0.000106095579178,NULL,NULL,NULL,NULL,NULL,0.0,NULL
12709,Chanel - Thailand - TH,N/A,YouTube,N/A,N/A,Monitoring,0,593812,0.0,0.106569082471,0.999641300614,0.000358699386338,3.36806935528e-06,0.0,0.0,0.0,0.0,0.000355331316982,NULL,NULL,NULL,NULL,NULL,0.0,NULL
