6747,FR - Mindshare - Ford - EU/FR,N/A,leboncoin,N/A,N/A,Monitoring,34027529,35195365,0.968509817099,0.996209472469,0.982402995394,0.0175970046056,2.27302657608e-06,0.0158779714317,0.0,0.0,0.0,0.00174622425424,0.699341965148,0.699341965148,NULL,0.44070796117,NULL,0.0,NULL
6747,FR - Mindshare - Ford - EU/FR,N/A,Headlight,N/A,N/A,Monitoring,31421945,34834652,0.90453703467,0.90710023456,0.993688526011,0.0063114739886,0.00292596578832,0.000666147030836,0.0,3.4448456669e-07,0.0,0.0027694836739,0.585386773479,0.585386773479,NULL,0.382906468045,NULL,0.0,NULL
5483,FR - Mediacom - Danone - EU/FR,N/A,DBM,N/A,N/A,Monitoring,15147904,27512083,0.552261563351,0.581732397362,0.991358197051,0.00864180294891,0.0044223114622,0.00132472702994,0.0,1.4539066344e-07,0.0,0.00302161781062,0.588502211263,0.667623990959,0.501772499073,6.72657909234e-05,0.0,0.0,0.0
6585,FR - KR Media - LVMH/LouisVuitton - EU/FR,N/A,New York Times Digital,N/A,N/A,Monitoring,14118265,18233953,0.781388676176,0.976616754469,0.989629676023,0.0103703239775,0.00060107646433,0.0,0.00068345026446,0.0,0.0,0.00909166542219,0.378351518405,0.378351518405,NULL,0.125237444941,NULL,0.0,NULL
6747,FR - Mindshare - Ford - EU/FR,N/A,Amazon,N/A,N/A,Monitoring,12397438,16520357,0.75159551537,0.709766138831,0.983972198664,0.0160278013363,0.00553813697852,0.00949664707609,0.0,1.82804766265e-05,0.0,0.00154191583148,0.657508430371,0.657508430371,NULL,0.289132248431,NULL,0.0,NULL
11048,FR - Mediacom - GSK - EU/FR,N/A,Google Network,N/A,N/A,Monitoring,11587623,11949882,0.9726751485,0.982375056088,0.98754866366,0.0124513363396,0.00781597676027,0.00178093808792,0.0,8.36828346924e-07,0.0,0.0030643817236,0.541539192292,0.531034526813,0.579570851594,0.370713373684,0.0494461336374,0.0,0.0
10533,FR - KR Media - Cetelem - EU/FR,N/A,DBM,N/A,N/A,Monitoring,11325234,12140343,0.935862089254,0.96938867378,0.98525173465,0.0147482653497,0.0101191539646,0.00166568605187,0.0,4.94219973851e-07,0.0,0.00320345150051,0.771285167265,0.771285167265,NULL,0.0,NULL,0.0,NULL
6747,FR - Mindshare - Ford - EU/FR,N/A,AD-DSP,N/A,N/A,Monitoring,11027998,11331379,0.977237313813,0.981807156922,0.990436027248,0.00956397275212,0.00440908383702,0.00122262259518,0.0,0.0,0.0,0.00410382531552,0.470237753036,0.470237753036,NULL,0.316911455605,NULL,0.0,NULL
9372,FR - Mindshare - Lufthansa - EU/FR,N/A,DBM,N/A,N/A,Mixed,9315050,10309928,0.908699283219,0.960455009967,0.987908644949,0.0120913550512,0.00718016653463,0.00166121431692,0.000312708294374,6.11061493349e-06,0.0,0.0030508457479,0.450478634038,0.450478634038,NULL,0.274432756698,NULL,0.0,NULL
12128,FR - Mediacom - Nikon - EU/FR,N/A,Amazon,N/A,N/A,Monitoring,7590230,9357818,0.813455976057,0.926367343327,0.868955668939,0.131044331061,0.0023658292991,0.127006210208,0.0,1.11137019335e-05,0.0,0.00287983801352,0.378034525963,0.378034525963,NULL,0.172934755448,NULL,0.0,NULL
6747,FR - Mindshare - Ford - EU/FR,N/A,Adikteev,N/A,N/A,Monitoring,7223310,7821052,0.942092307259,0.996026110042,0.937426320654,0.0625736793465,0.0302236834636,0.0131337830256,0.0,0.0,0.0,0.0196563071055,0.465657295617,0.465657295617,NULL,0.395804140987,NULL,0.0,NULL
9475,FR - Mediacom - Sony - EU/FR,N/A,3W Regie,N/A,N/A,Monitoring,6970638,7688226,0.910462093631,0.962960506104,0.977779139167,0.0222208608332,0.0130529461543,0.00483050316159,0.0,0.000265210726115,0.0,0.00413632481667,0.531610162513,0.531610162513,NULL,0.306044502161,NULL,0.0,NULL
9575,FR - KR Media - Essilor Varilux - EU/FR,N/A,AppNexus,N/A,N/A,Monitoring,6486478,6727388,0.966998790222,0.973360686198,0.992572897535,0.00742710246533,0.00404837657647,0.000599341081561,0.0,0.0,0.0,0.00290484211703,0.43266022023,0.43266022023,NULL,0.294633561781,NULL,0.0,NULL
9475,FR - Mediacom - Sony - EU/FR,N/A,PBU,N/A,N/A,Monitoring,5960127,6126649,0.977854688311,0.961116917258,0.987003498976,0.0129965010236,0.0077899027674,6.65943160772e-05,0.0,5.68010343011e-05,0.0,0.00514375803151,0.602068882089,0.693312557582,0.533398829017,0.456142107891,0.260581759939,0.0,0.0
5483,FR - Mediacom - Danone - EU/FR,N/A,Amazon,N/A,N/A,Monitoring,5519526,6736415,0.821042325392,0.890638418209,0.944705900691,0.0552940993095,0.00227242531821,0.0516829797452,0.0,2.52359749214e-06,0.0,0.00205079407964,0.37452183394,0.37452183394,NULL,0.0,NULL,0.0,NULL
9475,FR - Mediacom - Sony - EU/FR,N/A,Amazon,N/A,N/A,Monitoring,5025533,5909375,0.853126397854,0.832993506081,0.986894214701,0.0131057852988,0.00952520359598,0.0,0.0,0.000489391856161,0.0,0.00315752511898,0.379741213519,0.429827219822,0.282002823658,0.191581755985,0.0391779972448,0.0,0.0
6552,FR - KR Media - LVMH/Sephora - EU/FR,N/A,LeFigaro,N/A,N/A,Monitoring,4937760,15060359,0.330278322174,0.68993826774,0.978961125694,0.0210388743057,0.00602309679338,0.000924546353775,0.00687945088162,6.63994795874e-08,0.0,0.00730732912808,0.45239217783,0.45239217783,NULL,0.0687991588624,NULL,0.0,NULL
11788,FR - Mindshare - Jaguar Land Rover FR - EU/FR,N/A,Conversant_FR,N/A,N/A,Monitoring,4759837,5159570,0.926887312348,0.93106247226,0.983059828629,0.0169401713709,0.00850245272377,0.00436373573767,0.0,5.81443802487e-07,0.0,0.00469574014889,0.512320484924,0.512320484924,NULL,0.328360356283,NULL,0.0,NULL
11048,FR - Mediacom - GSK - EU/FR,N/A,Quantum 11,N/A,N/A,Monitoring,4662303,6056273,0.772241494798,0.999542127642,0.993307600235,0.00669239976467,0.00309348670379,0.000524910287234,0.0,0.0,0.0,0.00312122653652,0.609710265506,0.609710265506,NULL,0.263440115887,NULL,0.0,NULL
5483,FR - Mediacom - Danone - EU/FR,N/A,Marmiton,N/A,N/A,Monitoring,4629643,4659942,0.999114323678,0.999392910899,0.97571836731,0.0242816326898,0.018158595107,0.000552796579872,0.0,0.0,0.0,0.00562045622027,0.708517697801,0.708517697801,NULL,0.0,NULL,0.0,NULL
11383,FR - Mindshare - Mazda - EU/FR,N/A,Quantcast,N/A,N/A,Monitoring,4467503,4860151,0.924961117497,0.894835366226,0.986734157025,0.0132658429748,0.00673929678317,0.000557801599168,0.0,6.17264772226e-07,0.0,0.00621235842261,0.635304777635,0.635304777635,NULL,0.317958550116,NULL,0.0,NULL
6585,FR - KR Media - LVMH/LouisVuitton - EU/FR,N/A,Yume,N/A,N/A,Monitoring,4333076,6491572,0.707832049576,0.797944781326,0.94225697566,0.0577430243399,0.0004418036186,0.0,0.000316564308306,0.0,0.0,0.0569895858815,0.0497932646462,0.0497930453546,NULL,0.00658166234708,0.0,0.0,0.0
11378,FR - Mindshare - Fox - EU/FR,N/A,Tradelab,N/A,N/A,Monitoring,3962244,4304339,0.922841506026,0.945476413452,0.990060494771,0.00993950522949,0.00580739574648,0.00165251854001,0.0,6.96971126113e-06,0.0,0.00251072231997,0.639966897546,0.698507141106,0.381605121787,0.260665135957,0.0333288315219,0.0,0.0
12383,FR - KR Media - Calzedonia - EU/FR,N/A,Teads INC,N/A,N/A,Monitoring,3903093,3909635,0.999607132768,0.944140053995,0.852999832465,0.147000167535,0.0223719093982,0.000638678546719,0.122908660271,0.0,0.0,0.00128119376873,0.562615085011,NULL,0.562615085011,NULL,0.11824212837,NULL,0.0
11048,FR - Mediacom - GSK - EU/FR,N/A,Captify,N/A,N/A,Monitoring,3783798,3939826,0.964439001202,0.992140769669,0.866197644261,0.133802355739,0.000271331779627,0.131041066281,0.0,2.74123781101e-05,0.0,0.00418876366621,0.592901893811,0.592901893811,NULL,0.419012433163,NULL,0.0,NULL
10663,FR - Mediacom - MSC Cruise - EU/FR,N/A,Cadreon,N/A,N/A,Monitoring,3779483,3919081,0.97026351649,0.976994861806,0.967943505123,0.0320564948772,0.0249966765168,0.00158429999278,0.0,1.50545497784e-05,0.0,0.00606085967603,0.460037788237,0.460037788237,NULL,0.285207301553,NULL,0.0,NULL
6585,FR - KR Media - LVMH/LouisVuitton - EU/FR,N/A,Mobvalue,N/A,N/A,Monitoring,3656022,5658725,0.646889816359,0.511278424027,0.998645277867,0.00135472213264,1.23702777569e-06,0.0,0.000114513428378,0.0,0.0,0.00124427322409,0.554214115779,0.554214115779,NULL,0.0270002247822,NULL,0.0,NULL
11355,FR - Mediacom - Tempur - EU/FR,N/A,AppNexus,N/A,N/A,Monitoring,3493698,3570272,0.982964047528,0.99248264558,0.988644002474,0.0113559975262,0.00578471332156,0.00127413261511,0.0,0.0,0.0,0.00449433544559,0.493026300499,0.493026300499,NULL,0.298320130248,NULL,0.0,NULL
6552,FR - KR Media - LVMH/Sephora - EU/FR,N/A,Orange,N/A,N/A,Monitoring,3413252,3426222,0.99854456711,0.998981969061,0.987152904861,0.0128470951386,7.23829337387e-05,0.0032032366846,0.00725930777399,0.0,0.0,0.00233347401307,0.354580909936,0.354580909936,NULL,0.323809830137,NULL,0.0,NULL
6585,FR - KR Media - LVMH/LouisVuitton - EU/FR,N/A,Le Figaro,N/A,N/A,Monitoring,3356945,6616538,0.509246842375,0.877647041398,0.989653803847,0.0103461961527,8.58454980535e-05,0.0,0.0065739817409,0.0,0.0,0.00371145756285,0.368290514143,0.368290514143,NULL,0.105082214283,NULL,0.0,NULL
12073,FR - Mediacom - Bosch - EU/FR,N/A,Adikteev,N/A,N/A,Monitoring,3244365,3275255,0.998421907664,0.99922906766,0.935283512276,0.0647164877239,0.0385270765177,0.0185579443433,0.0,0.0,0.0,0.00786412050359,0.699705181137,0.699705181137,NULL,0.0,NULL,0.0,NULL
6669,FR - KR Media - LVMH/Dior - EU/FR,N/A,Mozo,N/A,N/A,Monitoring,3030141,3691283,0.825616179362,0.977766538084,0.941622194776,0.0583778052238,0.0149229956088,0.000516893448701,0.0374195096935,0.0,0.0,0.00572294240241,0.89845390033,0.89845390033,NULL,0.0,NULL,0.0,NULL
11393,FR - Mediacom - Allianz - EU/FR,N/A,Quantum 11,N/A,N/A,Monitoring,3000715,3318310,0.909010632284,0.997206710645,0.989328001302,0.0106719986981,0.00411806009686,0.00140432931221,0.0,0.0,0.0,0.0051921007983,0.579322261528,0.579322261528,NULL,0.358794110456,NULL,0.0,NULL
9372,FR - Mindshare - Lufthansa - EU/FR,N/A,Piximedia,N/A,N/A,Monitoring,2872604,2911256,0.997212765389,0.993221138917,0.964742708989,0.0352572910112,0.0245165660457,0.00019922672551,0.000227393262564,0.0,0.0,0.0105181406238,0.819203412653,0.819203412653,NULL,0.473939732763,NULL,0.0,NULL
9372,FR - Mindshare - Lufthansa - EU/FR,N/A,Radiumone,N/A,N/A,Monitoring,2846157,2872587,0.999178864917,0.851978721619,0.988108280097,0.0118917199027,0.00124278220294,0.00204101738259,0.000281279557416,0.0,0.0,0.00838442839155,0.343944483737,NULL,0.343951231081,0.0,0.108590574752,0.0,0.0
12073,FR - Mediacom - Bosch - EU/FR,N/A,Aufeminin,N/A,N/A,Monitoring,2796529,3470197,0.807578306705,0.929878044388,0.997577947304,0.00242205269614,3.16984885872e-05,0.000275488682631,0.0,0.0,0.0,0.00211486552493,0.464334179978,NULL,0.464334179978,NULL,0.0,NULL,0.0
9635,FR - KR Media - Boiron - EU/FR,N/A,Spafax,N/A,N/A,Monitoring,2695320,3344000,0.806294754142,0.402335825359,0.999517643541,0.00048235645933,1.1961722488e-05,0.000198265550239,0.0,0.0,0.0,0.000344497607656,0.44259011917,0.44259011917,NULL,0.0298272769566,NULL,0.0,NULL
10533,FR - KR Media - Cetelem - EU/FR,N/A,Teads INC,N/A,N/A,Monitoring,2673115,2678988,0.999518770925,0.905217567231,0.991402723715,0.00859727628493,0.00602615614553,0.000876077085825,0.0,0.0,0.0,0.00171184044124,0.581555226767,NULL,0.581555226767,NULL,0.0,NULL,0.0
9372,FR - Mindshare - Lufthansa - EU/FR,N/A,Mozo,N/A,N/A,Monitoring,2620953,2650543,0.989729437634,0.57468375348,0.987692710513,0.0123072894875,0.0109664321613,0.000376903902332,8.262457919e-05,0.0,0.0,0.00090245659097,0.478633153666,0.478633153666,NULL,0.137865138069,NULL,0.0,NULL
8751,FR - KR Media - Transavia - EU/FR,N/A,Captify,N/A,N/A,Monitoring,2619037,2761869,0.95094065183,0.983831600992,0.99204053487,0.00795946513032,0.000309935047607,0.00509365216091,0.0,0.0,0.0,0.0027923120177,0.665256733677,0.665256733677,NULL,0.429485869379,NULL,0.0,NULL
6585,FR - KR Media - LVMH/LouisVuitton - EU/FR,N/A,Forbes,N/A,N/A,Monitoring,2574789,2757924,0.980518639759,0.742945418365,0.950120815512,0.049879184488,0.00163456280884,0.0,0.000417705491522,0.0,0.0,0.0479103122494,0.664815252823,0.664815252823,NULL,0.453225802303,NULL,0.0,NULL
10533,FR - KR Media - Cetelem - EU/FR,N/A,Sublime Skinz San Francisco,N/A,N/A,Monitoring,2568694,2575436,0.998122420368,0.999979032676,0.988346050921,0.0116539490789,0.00956148784128,0.00135821662817,0.0,0.0,0.0,0.00074162200109,0.712990336724,0.712990336724,NULL,0.0,NULL,0.0,NULL
8231,FR - KR Media - Savencia - EU/FR,N/A,TF1,N/A,N/A,Monitoring,2517681,4966151,0.50879119902,0.543871098563,0.993998370166,0.00600162983365,4.61121701696e-05,0.00237668971403,0.0,0.0,0.0,0.00358265385003,0.929560972975,NULL,0.929560972975,0.0,0.0,0.0,0.0
11381,FR - Mindshare - Dyson - EU/FR,N/A,Conversant Media,N/A,N/A,Monitoring,2341396,2454116,0.957312161818,0.994381683669,0.988997260113,0.0110027398868,0.0023205912027,0.00560201718256,0.0,0.0,0.0,0.00338329565514,0.816688420071,0.816688420071,NULL,0.651591019816,NULL,0.0,NULL
6747,FR - Mindshare - Ford - EU/FR,N/A,Manageo,N/A,N/A,Monitoring,2165354,2193075,0.990556711651,0.993634052643,0.983448354479,0.0165516455206,0.0127004320418,0.00095664762947,0.0,0.0,0.0,0.00322743180238,0.652635550584,0.652635550584,NULL,0.310691352483,NULL,0.0,NULL
11464,FR - Mediacom - Toyota - EU/FR,N/A,TF1,N/A,N/A,Monitoring,2106287,3553511,0.593828130198,0.618137104402,0.995701715852,0.00429828414771,0.000155620736787,0.00230673269338,0.0,0.0,0.0,0.00184240318941,0.962022744289,NULL,0.962022744289,0.0,0.0,0.0,0.0
12128,FR - Mediacom - Nikon - EU/FR,N/A,cdiscount,N/A,N/A,Monitoring,2101503,2109912,0.998566893433,0.999442156829,0.944167813634,0.0558321863661,0.00379778872294,0.0496797970721,0.0,0.0,0.0,0.00255650472626,0.635967210135,0.635967210135,NULL,0.428235586221,NULL,0.0,NULL
6585,FR - KR Media - LVMH/LouisVuitton - EU/FR,N/A,The Washington post,N/A,N/A,Monitoring,2049858,2421831,0.877539636502,0.910403327069,0.961833009818,0.0381669901822,0.00170821167951,0.0,0.00113756905416,0.0,0.0,0.0354682056675,0.641211244876,0.636697736692,0.691150072685,0.195055230162,0.321154240263,0.0,0.0
6747,FR - Mindshare - Ford - EU/FR,N/A,IGP Media,N/A,N/A,Monitoring,2038842,2051084,0.998765530073,0.997776785349,0.99218705816,0.00781294183953,0.00270734889454,0.000505586314359,0.0,0.0,0.0,0.0047399326405,0.37415454459,0.37415454459,NULL,0.189934864418,NULL,0.0,NULL
9475,FR - Mediacom - Sony - EU/FR,N/A,Fnac,N/A,N/A,Monitoring,2026445,2109266,0.966031383882,0.969869139312,0.987253859874,0.0127461401265,0.00711479728019,0.000278295862162,0.0,0.0,0.0,0.00548247589446,0.59160500285,0.598581429109,0.561651851136,0.323287605716,0.0594810843464,0.0,0.0
7606,FR - KR Media - Covea/GMF - EU/FR,N/A,TF1,N/A,N/A,Monitoring,1995163,3815500,0.524766701736,0.594318962128,0.993118333115,0.00688166688507,0.000295374131831,0.0030598873018,0.0,0.0,0.0,0.00353793736077,0.881340522053,NULL,0.881340522053,0.0,0.0,0.0,0.0
11048,FR - Mediacom - GSK - EU/FR,N/A,nanointeractive,N/A,N/A,Monitoring,1917976,3624216,0.531452960144,0.813671701687,0.98797229525,0.0120277047505,0.00600488491856,0.00217674663982,0.0,0.0,0.0,0.00421360095535,0.709733594164,0.709733594164,NULL,0.229093502916,NULL,0.0,NULL
9475,FR - Mediacom - Sony - EU/FR,N/A,JDG,N/A,N/A,Monitoring,1885829,2072042,0.957309563913,0.982659617903,0.938628657141,0.0613713428589,0.0104558691378,0.00182670042403,0.0,0.0,0.0,0.0492760281886,0.377554380593,0.377554380593,NULL,0.150476743256,NULL,0.0,NULL
12247,FR - Mediacom - Delonghi - EU/FR,N/A,Dynamic,N/A,N/A,Monitoring,1788799,1795583,0.999811640926,0.911351354964,0.991191161868,0.00880883813224,0.00522337313285,0.0,0.0,0.0,0.0,0.00359047729902,0.501326308881,NULL,0.50132658914,NULL,0.0948747239384,NULL,0.0
9475,FR - Mediacom - Sony - EU/FR,N/A,Webedia,N/A,N/A,Monitoring,1779334,1790439,0.999209879483,0.997439175532,0.936598230937,0.0634017690633,0.000261388408094,0.0581751179459,0.0,0.0,0.0,0.00541431458989,0.266467678356,0.266467678356,NULL,0.14032120264,NULL,0.0,NULL
12128,FR - Mediacom - Nikon - EU/FR,N/A,Enovate,N/A,N/A,Monitoring,1759515,10773199,0.163373929327,0.643749734874,0.999242193521,0.000757806478837,0.000415939592316,0.000147866942772,0.0,0.0,0.0,0.000309193211784,0.644353131403,0.644353131403,NULL,0.0488199021455,NULL,0.0,NULL
9586,FR - MEC - Activision - EU/FR,N/A,Amazon,N/A,N/A,Monitoring,1705948,1713776,0.99950609067,0.898238742986,0.989322992036,0.0106770079637,0.00411897470848,0.00252133300968,0.0,1.16701365873e-05,0.0,0.00407521169628,0.520886920352,NULL,0.52088758,NULL,0.117465078856,NULL,0.0
8751,FR - KR Media - Transavia - EU/FR,N/A,PBU,N/A,N/A,Monitoring,1668444,1706230,0.980768416845,0.991623051992,0.993599924981,0.00640007501919,0.00307637305639,0.000623597053152,0.0,5.8608745597e-07,0.0,0.00297029122686,0.688015300484,0.688015300484,NULL,0.443959056698,NULL,0.0,NULL
6747,FR - Mindshare - Ford - EU/FR,N/A,PBU,N/A,N/A,Monitoring,1647513,1687359,0.982202453132,0.98064134544,0.988228349747,0.0117716502534,0.0052324371992,0.000947042093591,0.0,0.0,0.0,0.00592227261656,0.452561527587,0.452561527587,NULL,0.308685905481,NULL,0.0,NULL
9372,FR - Mindshare - Lufthansa - EU/FR,N/A,Captify,N/A,N/A,Blocking,1519636,1633979,0.933534255092,0.993148626757,0.996237405744,0.00376259425611,0.000329257597558,0.000765003711798,7.77243771187e-05,0.0,0.0,0.0028855940009,0.66326541356,0.66326541356,NULL,0.398168493527,NULL,0.0,NULL
9372,FR - Mindshare - Lufthansa - EU/FR,N/A,Kayak,N/A,N/A,Blocking,1455735,1958676,0.816482831109,0.637712413896,0.910275104203,0.089724895797,0.0,0.0868459101965,0.0,0.0,0.0,0.00329610410298,0.627649263087,0.627649263087,NULL,0.267892731271,NULL,0.0,NULL
7606,FR - KR Media - Covea/GMF - EU/FR,N/A,Teads,N/A,N/A,Monitoring,1455342,1459114,0.999497964731,0.951983189799,0.977757735174,0.0222422648265,0.0189436877448,0.00126309527563,0.0,0.0,0.0,0.00208414147215,0.599426801398,NULL,0.59942625091,NULL,0.0,NULL,0.0
12247,FR - Mediacom - Delonghi - EU/FR,N/A,Adikteev,N/A,N/A,Monitoring,1421342,1434867,0.994640311658,0.999835524826,0.99301538052,0.00698461948041,0.00291037427162,0.0,0.0,0.0,0.0,0.00409236535512,0.646679687225,0.646679687225,NULL,0.627032143965,NULL,0.0,NULL
9372,FR - Mindshare - Lufthansa - EU/FR,N/A,Adotmob,N/A,N/A,Monitoring,1360892,1791673,0.759874122251,0.31044225146,0.998946794421,0.00105320557937,5.46974810694e-05,0.000654137222585,0.0,0.0,0.0,0.000407440420211,0.728797729724,0.728797729724,NULL,0.0784485388273,NULL,0.0,NULL
9475,FR - Mediacom - Sony - EU/FR,N/A,Neweb Regie,N/A,N/A,Monitoring,1344885,1385430,0.9950354951,0.990188605704,0.97331658763,0.0266834123702,0.00134903964834,0.000942667619439,0.0,0.0,0.0,0.0244220206001,0.200570308986,0.163910199846,0.546417266634,0.0842426155661,0.155549845515,0.0,0.0
9372,FR - Mindshare - Lufthansa - EU/FR,N/A,S4M,N/A,N/A,Monitoring,1321574,3514688,0.376378053219,0.248645968006,0.995228879491,0.00477112050913,0.00264063268205,0.00121916938289,5.12136496895e-06,0.0,0.0,0.00096452373582,0.352371490359,0.352371490359,NULL,0.0315715675158,NULL,0.0,NULL
6585,FR - KR Media - LVMH/LouisVuitton - EU/FR,N/A,AppNexus,N/A,N/A,Monitoring,1300078,1301781,0.999790056685,0.829470548426,0.982309620435,0.0176903795646,0.000578438308748,0.0,0.0160334188316,0.0,0.0,0.00109849506177,0.535057896526,NULL,0.535057896526,NULL,0.0156359897999,NULL,0.0
10663,FR - Mediacom - MSC Cruise - EU/FR,N/A,TVTY,N/A,N/A,Monitoring,1262441,1265476,0.999682462256,0.985183440855,0.994169782754,0.00583021724632,0.00332127989784,0.000502577686183,0.0,0.0,0.0,0.00208143022863,0.607073122625,NULL,0.607073122625,NULL,0.050634590537,NULL,0.0
9575,FR - KR Media - Essilor Varilux - EU/FR,N/A,IGP Media,N/A,N/A,Monitoring,1215159,1218632,0.999641327909,0.753269239606,0.778901259773,0.221098740227,0.00109384949681,0.218310367691,0.0,0.0,0.0,0.00249213872605,0.663777332843,NULL,0.663777332843,NULL,0.315464636598,NULL,0.0
11378,FR - Mindshare - Fox - EU/FR,N/A,Amazon,N/A,N/A,Monitoring,1181786,1186119,0.999413097896,0.951403695582,0.988204387587,0.0117956124133,0.00611068535282,0.00264897535576,0.0,0.0,0.0,0.00306714587659,0.658733476281,NULL,0.658733476281,NULL,0.281566599705,NULL,0.0
12247,FR - Mediacom - Delonghi - EU/FR,N/A,Figaro,N/A,N/A,Monitoring,1179506,1192941,0.999841484183,0.711311791614,0.987944919321,0.0120550806788,0.000958974500834,0.0,0.0,0.0,0.0,0.0111044888222,0.35426780364,NULL,0.35426930541,NULL,0.136012361434,NULL,0.0
9575,FR - KR Media - Essilor Varilux - EU/FR,N/A,ComprendreChoisir,N/A,N/A,Monitoring,1177873,1229805,0.960252040348,0.978589288546,0.991359605791,0.00864039420884,0.00564723675705,0.000626928659422,0.0,0.0,0.0,0.00258089697147,0.613212120492,0.613212120492,NULL,0.418745360212,NULL,0.0,NULL
9575,FR - KR Media - Essilor Varilux - EU/FR,N/A,Teads INC,N/A,N/A,Monitoring,1154847,2210207,0.52319653367,0.893034453334,0.956414037237,0.0435859627628,0.0414110533538,0.000922990471028,0.0,0.0,0.0,0.001319333438,0.675211521526,NULL,0.675211521526,0.0,0.260283223673,0.0,0.0
12073,FR - Mediacom - Bosch - EU/FR,N/A,TF1,N/A,N/A,Monitoring,1142102,1954385,0.585481659195,0.602561419577,0.994435078042,0.00556492195755,5.32136707967e-05,0.00363592639117,0.0,0.0,0.0,0.00188294527434,0.94121015461,NULL,0.94121015461,0.0,0.0,0.0,0.0
9475,FR - Mediacom - Sony - EU/FR,N/A,Adikteev,N/A,N/A,Monitoring,1136239,1184597,0.998560477099,0.996725468661,0.926237361736,0.0737626382643,0.035042297085,8.44168945219e-06,0.0,0.0,0.0,0.0394387289517,0.689843422027,0.689843422027,NULL,0.643574985933,NULL,0.0,NULL
9475,FR - Mediacom - Sony - EU/FR,N/A,Culture G,N/A,N/A,Monitoring,1124006,1187485,0.995831528177,0.991436523409,0.905421121109,0.0945788788911,0.00672345334888,0.0390969149084,0.0,0.0,0.0,0.0494768354969,0.372977546383,0.372977546383,NULL,0.274391745646,NULL,0.0,NULL
6585,FR - KR Media - LVMH/LouisVuitton - EU/FR,N/A,AdyouLike,N/A,N/A,Monitoring,1100466,1116870,0.998436747237,0.990829729512,0.969684923044,0.0303150769561,0.0058744527116,0.0,0.0113298772462,0.0,0.0,0.013142979935,0.657744082961,0.657744082961,NULL,0.460791238184,NULL,0.0,NULL
12128,FR - Mediacom - Nikon - EU/FR,N/A,Just Digital Group Media,N/A,N/A,Monitoring,1097142,1147529,0.999305950247,0.995259379066,0.895202648473,0.104797351527,0.000553362921547,0.0620010474681,0.0,0.0,0.0,0.0426472882167,0.394939761672,0.394939761672,NULL,0.147521497972,NULL,0.0,NULL
5483,FR - Mediacom - Danone - EU/FR,N/A,TF1,N/A,N/A,Monitoring,1092722,1940504,0.566226490182,0.583997765529,0.992188111954,0.00781188804558,0.000341663815174,0.00199432724694,0.0,0.0,0.0,0.00549857150513,0.868629898547,NULL,0.868629898547,0.0,0.000463097019607,0.0,0.0
5483,FR - Mediacom - Danone - EU/FR,N/A,Adotmob,N/A,N/A,Monitoring,1090721,1266935,0.861647661067,0.837518104717,0.9804741364,0.0195258635999,0.0180269706023,0.000716690280085,0.0,0.0,0.0,0.000850083074507,0.409210971458,0.409210971458,NULL,0.0,NULL,0.0,NULL
9475,FR - Mediacom - Sony - EU/FR,N/A,Ogury,N/A,N/A,Monitoring,1082655,1085613,0.99823432328,0.107622145276,0.999033725646,0.000966274353752,0.0,5.52683138466e-06,0.0,0.0,0.0,0.000960747522368,0.774770356208,0.774770356208,NULL,0.646116661896,NULL,0.0,NULL
6585,FR - KR Media - LVMH/LouisVuitton - EU/FR,N/A,LeFigaro,N/A,N/A,Monitoring,1063325,1805485,0.591942687623,0.724541051296,0.976335998361,0.0236640016394,0.000457494800566,0.0,0.0181735101649,0.0,0.0,0.00507010581644,0.42377730233,0.42377730233,NULL,0.162404596348,NULL,0.0,NULL
9635,FR - KR Media - Boiron - EU/FR,N/A,Pluzz,N/A,N/A,Monitoring,1061451,1087763,0.999756053913,0.999998161364,0.973116386566,0.0268836134342,0.00278737188156,0.000225232886208,0.0,0.0,0.0,0.0239500700061,0.950516792579,NULL,0.950516792579,NULL,0.7795148736,NULL,0.0
9475,FR - Mediacom - Sony - EU/FR,N/A,AOL,N/A,N/A,Monitoring,1049422,1121479,0.939038074359,0.989018965134,0.982213666061,0.0177863339394,0.014296299797,3.83422248656e-05,0.0,0.0,0.0,0.00350340933713,0.75697860346,0.805344707273,0.559900190528,0.545896447125,0.205360893106,0.0,0.0
12128,FR - Mediacom - Nikon - EU/FR,N/A,Yanco,N/A,N/A,Monitoring,1040423,1516031,0.686884778352,0.585313229083,0.997817986572,0.00218201342849,4.28751127121e-05,0.00167278901289,0.0,0.0,0.0,0.000879269619157,0.692525059519,0.692525059519,NULL,0.0624258579265,NULL,0.0,NULL
8425,FR - Mediacom - Assureurs Prevention - EU/FR,N/A,Adikteev,N/A,N/A,Monitoring,1027471,1032275,0.998694613409,0.999703567363,0.926475018769,0.0735249812308,0.0309006805357,0.0394768835824,0.0,0.0,0.0,0.00335278874331,0.727501798104,0.727501798104,NULL,0.61543563673,NULL,0.0,NULL
10533,FR - KR Media - Cetelem - EU/FR,N/A,TF1,N/A,N/A,Monitoring,992045,996454,0.999756118945,1.0,0.995508071622,0.00449192837803,0.0,0.000315117406323,0.0,0.0,0.0,0.0041818287648,0.903510425434,NULL,0.903510425434,NULL,0.0,NULL,0.0
10618,FR - Mediacom - Bayer - EU/FR,N/A,TF1,N/A,N/A,Monitoring,989913,2186330,0.453769020437,0.466095694612,0.995117845888,0.00488215411214,3.01875746113e-05,0.0026642821532,0.0,0.0,0.0,0.00219317303426,0.892786537807,NULL,0.892786537807,0.0,0.799199750721,0.0,0.0
12128,FR - Mediacom - Nikon - EU/FR,N/A,SEEDTAG,N/A,N/A,Monitoring,977164,979520,0.999376133953,0.999992853643,0.991120140477,0.00887985952303,0.00702691114015,7.8609931395e-05,0.0,0.0,0.0,0.00178250571709,0.659123749954,0.659123749954,NULL,0.488732871666,NULL,0.0,NULL
6552,FR - KR Media - LVMH/Sephora - EU/FR,N/A,Journal des femmes,N/A,N/A,Monitoring,975801,979509,0.998829002656,0.999334360379,0.98525792004,0.0147420799605,0.0025910941094,0.000256250835878,0.00933222665642,0.0,0.0,0.00261763802068,0.679900922422,0.679900922422,NULL,0.487902952085,NULL,0.0,NULL
5483,FR - Mediacom - Danone - EU/FR,N/A,Quantcast,N/A,N/A,Monitoring,972075,1028253,0.948115181255,0.946043434836,0.990558743811,0.0094412561889,0.00622025902186,0.000628250051301,0.0,0.0,0.0,0.0028971469084,0.568288455109,0.568288455109,NULL,0.0,NULL,0.0,NULL
6747,FR - Mindshare - Ford - EU/FR,N/A,Motors Regie,N/A,N/A,Monitoring,950852,1455569,0.662726397065,0.87288750997,0.97330871982,0.0266912801798,0.0117871430348,0.000759153293317,0.0,0.0,0.0,0.0142968145103,0.52922957516,0.52922957516,NULL,0.221594499864,NULL,0.0,NULL
9575,FR - KR Media - Essilor Varilux - EU/FR,N/A,AD-DSP,N/A,N/A,Monitoring,937680,965311,0.975242437732,0.980706735964,0.988923776897,0.0110762231032,0.0058188500908,0.00163367039224,0.0,0.0,0.0,0.00396763322908,0.431800827574,0.431800827574,NULL,0.272673276002,NULL,0.0,NULL
11378,FR - Mindshare - Fox - EU/FR,N/A,Webedia,N/A,N/A,Monitoring,937606,946415,0.999600205121,0.995307555354,0.80742169133,0.19257830867,0.00241543086278,0.182967302927,0.0,0.0,0.0,0.00891152401431,0.491875051994,0.491875051994,NULL,0.184420718121,NULL,0.0,NULL
6585,FR - KR Media - LVMH/LouisVuitton - EU/FR,N/A,Elle,N/A,N/A,Monitoring,910701,1401463,0.663845913857,0.657854684712,0.975688262908,0.0243117370919,0.00102036229283,0.0,0.00220198464034,0.0,0.0,0.021125780702,0.720560315625,0.720560315625,NULL,0.338237658885,NULL,0.0,NULL
8249,FR - Mediacom - Krys - EU/FR,N/A,TF1,N/A,N/A,Monitoring,892423,1898108,0.471291264648,0.481072204532,0.995295841965,0.00470415803526,3.05567438734e-05,0.00228648738639,0.0,0.0,0.0,0.00239080178789,0.914669388844,NULL,0.914669388844,0.0,0.799971612945,0.0,0.0
5483,FR - Mediacom - Danone - EU/FR,N/A,M6 Web,N/A,N/A,Monitoring,849222,1074418,0.792634255249,0.850416690711,0.970642710751,0.0293572892487,0.000453268653355,0.0261667246826,0.0,0.0,0.0,0.0028164085114,0.968389890983,NULL,0.968389890983,0.0,0.0012541169586,0.0,0.0
6552,FR - KR Media - LVMH/Sephora - EU/FR,N/A,Adotmob,N/A,N/A,Monitoring,845340,872455,0.969753563702,0.765747230516,0.976373566545,0.023626433455,0.0165464121359,0.000553610214853,0.00571720031406,2.29238184204e-06,0.0,0.000858496999845,0.413464404855,0.413464404855,NULL,0.132435950469,NULL,0.0,NULL
6585,FR - KR Media - LVMH/LouisVuitton - EU/FR,N/A,Vogue,N/A,N/A,Monitoring,807531,848666,0.998471747735,0.99306794428,0.952602083741,0.0473979162592,0.0,0.0,0.000546740413779,0.0,0.0,0.047011427346,0.488445644811,0.488445644811,NULL,0.318306195245,NULL,0.0,NULL
9764,FR - KR Media - CNIPT - EU/FR,N/A,M6 Web,N/A,N/A,Monitoring,751044,1480035,0.510141092276,0.590767110237,0.993212998341,0.00678700165874,0.000783765248795,0.000732415111805,0.0,0.0,0.0,0.00527487525633,0.952161258195,NULL,0.952161258195,0.0,0.867011802166,0.0,0.0
9475,FR - Mediacom - Sony - EU/FR,N/A,Quantcast,N/A,N/A,Monitoring,746905,841112,0.891336231638,0.991046376701,0.989320090547,0.0106799094532,0.00655085172962,0.000554028476588,0.0,0.0,0.0,0.00374504227737,0.549664281267,0.549664281267,NULL,0.296997754328,NULL,0.0,NULL
9475,FR - Mediacom - Sony - EU/FR,N/A,SEEDTAG,N/A,N/A,Monitoring,741981,743993,0.999597187045,0.999993279507,0.972378772381,0.0276212276191,0.0253644859562,0.0,0.0,0.0,0.0,0.00230244101759,0.557231249857,0.557231249857,NULL,0.422095939219,NULL,0.0,NULL
9586,FR - MEC - Activision - EU/FR,N/A,Journal Du Geek,N/A,N/A,Monitoring,725559,732880,0.999173734678,0.999330040389,0.933825455736,0.0661745442637,0.00723310773933,0.050244241895,0.0,0.0,0.0,0.0091679401812,0.495679882684,0.284027120622,0.64055506027,0.0924289302533,0.000381708067549,0.0,0.0
6669,FR - KR Media - LVMH/Dior - EU/FR,N/A,LeFigaro,N/A,N/A,Monitoring,708795,1473596,0.485845736036,0.852750007465,0.954951017782,0.0450489822176,0.000685398168833,0.000281624000065,0.0342108691935,0.0,0.0,0.00998034739508,0.444222941753,0.444222941753,NULL,0.0,NULL,0.0,NULL
11464,FR - Mediacom - Toyota - EU/FR,N/A,M6 Web,N/A,N/A,Monitoring,679601,1029724,0.661753507892,0.686368386092,0.99581052787,0.0041894721304,0.000955595868407,0.000561315459288,0.0,0.0,0.0,0.00267450307073,0.977928225532,NULL,0.977928225532,0.0,0.0,0.0,0.0
9764,FR - KR Media - CNIPT - EU/FR,N/A,Pluzz,N/A,N/A,Monitoring,672785,992607,0.6845232039,0.795037713818,0.987842116769,0.0121578832307,0.00206829087443,0.000279063113599,0.0,0.0,0.0,0.00982664841171,0.852041885595,NULL,0.852041885595,0.0,0.582936918593,0.0,0.0
6747,FR - Mindshare - Ford - EU/FR,N/A,Caradisiac,N/A,N/A,Monitoring,668318,671371,0.998823801944,0.999082474519,0.996450546717,0.00354945328291,4.46846825377e-06,0.000321729714271,0.0,0.0,0.0,0.00337518302101,0.597701992165,0.597701992165,NULL,0.338470817897,NULL,0.0,NULL
7278,FR - KR Media - Covea/MAAF - EU/FR,N/A,AppNexus,N/A,N/A,Monitoring,664677,690162,0.966871820682,0.972970114263,0.992009122496,0.00799087750412,0.0036121953976,0.00077083351445,0.0,0.0,0.0,0.00392951220148,0.587006922159,0.587006922159,NULL,0.0,NULL,0.0,NULL
9475,FR - Mediacom - Sony - EU/FR,N/A,Teads INC,N/A,N/A,Monitoring,648947,652186,0.996619816079,0.959384286078,0.990456710202,0.0095432897977,0.00752086061338,0.000443125120748,0.0,0.0,0.0,0.00159463711273,0.70723495139,NULL,0.707234500251,0.0,0.287220650384,0.0,0.0
5483,FR - Mediacom - Danone - EU/FR,N/A,Magic Maman,N/A,N/A,Monitoring,647077,693768,0.948332993811,0.996015959226,0.98252297598,0.0174770240196,8.6484242571e-05,0.000908084546996,0.0,0.0,0.0,0.016483896634,0.43072926406,0.43072926406,NULL,NULL,NULL,0.0,NULL
11990,FR - Mediacom - Kenwood - EU/FR,N/A,Teads,N/A,N/A,Monitoring,617291,866031,0.713969627222,0.845705292305,0.985201453528,0.0147985464724,0.0127778335879,0.000392595646114,0.0,0.0,0.0,0.00166391272368,0.560074583948,NULL,0.560074583948,0.0,0.109961199308,0.0,0.0
6794,FR - KR Media - LVMH/Bvlgari - EU/FR,N/A,New York Times Digital,N/A,N/A,Monitoring,609137,4777556,0.129557582731,0.462185267949,0.973286132073,0.0267138679275,1.06749141193e-05,0.0,0.0108618297724,0.0,0.0,0.0158825977131,0.305034827962,0.305034827962,NULL,0.0,NULL,0.0,NULL
9575,FR - KR Media - Essilor Varilux - EU/FR,N/A,Medisite,N/A,N/A,Monitoring,605360,611172,0.996033045341,0.997455708049,0.986368812707,0.0136311872926,0.0,0.00811719123258,0.0,0.0,0.0,0.00556471827898,0.564032972116,0.564032972116,NULL,0.296980900366,NULL,0.0,NULL
10069,FR - KR Media - LVMH/Chaumet - EU/FR,N/A,Vogue,N/A,N/A,Monitoring,591079,601406,0.989603022992,0.95804331849,0.992673834315,0.00732616568508,5.48714179772e-05,0.0,0.000430657492609,0.0,0.0,0.00684728785546,0.470730646834,0.470730646834,NULL,0.20418584588,NULL,0.0,NULL
9372,FR - Mindshare - Lufthansa - EU/FR,N/A,Adikteev,N/A,N/A,Monitoring,589895,591054,0.999464598254,0.999984772965,0.996030819519,0.00396918048097,0.00204888216643,4.56811052797e-05,0.00047203808789,0.0,0.0,0.0014262656204,0.755681943397,0.755681943397,NULL,0.647285310743,NULL,0.0,NULL
5483,FR - Mediacom - Danone - EU/FR,N/A,6 Play,N/A,N/A,Monitoring,589269,1067835,0.553074167271,0.631928153694,0.996418922399,0.00358107760094,0.000699546278217,0.000642421347867,0.0,0.0,0.0,0.00224004644912,0.967922968967,NULL,0.967922968967,0.0,0.000691668490319,0.0,0.0
11378,FR - Mindshare - Fox - EU/FR,N/A,Lagardere,N/A,N/A,Monitoring,584205,668463,0.876044248703,0.9608145851,0.787132571287,0.212867428713,0.000166052571347,0.211211390907,0.0,0.0,0.0,0.00238607073241,0.255783500655,0.255783500655,NULL,0.0941105270364,NULL,0.0,NULL
7606,FR - KR Media - Covea/GMF - EU/FR,N/A,Advideum,N/A,N/A,Monitoring,574471,814432,0.713574499324,0.805178332875,0.971329711996,0.0286702880044,0.0170106282661,0.000178038191034,0.0,0.0,0.0,0.0115061785392,0.655975671531,1.0,0.655975072676,0.0,0.0,0.0,0.0
10069,FR - KR Media - LVMH/Chaumet - EU/FR,N/A,Vanity Fair,N/A,N/A,Monitoring,568064,607927,0.969291592513,0.984126383595,0.959810964145,0.0401890358546,0.000916228428742,0.0,0.00359089166956,0.0,0.0,0.0359697792663,0.429448090356,0.429448090356,NULL,0.26132941695,NULL,0.0,NULL
6747,FR - Mindshare - Ford - EU/FR,N/A,Ogury,N/A,N/A,Monitoring,554492,555989,0.998215967005,0.161073330587,0.999080917069,0.000919082931497,0.0,8.99298367414e-06,0.0,0.0,0.0,0.000911888544558,0.769241035037,0.769241035037,NULL,0.53317638712,NULL,0.0,NULL
5483,FR - Mediacom - Danone - EU/FR,N/A,Quantum 11,N/A,N/A,Monitoring,549402,635135,0.866671293945,0.999963787226,0.930024325537,0.0699756744629,0.00353940500838,0.0648555031607,0.0,0.0,0.0,0.00190195785148,0.618177582171,0.618177582171,NULL,0.0,NULL,0.0,NULL
11354,FR - Mindshare - Randstad - EU/FR,N/A,Liberation,N/A,N/A,Monitoring,536338,537442,0.999712950053,0.600864837508,0.848028252351,0.151971747649,0.00066983972224,0.150045958448,0.0,0.0,0.0,0.00173972261193,0.666857466747,NULL,0.666857466747,NULL,0.00172412120932,NULL,0.0
7278,FR - KR Media - Covea/MAAF - EU/FR,N/A,Digiteka,N/A,N/A,Monitoring,535784,538117,0.99897638221,0.757976425201,0.975152243843,0.0248477561571,0.021497183698,6.68999492675e-05,0.0,0.0,0.0,0.00331526415259,0.61611395637,NULL,0.61611395637,NULL,0.0,NULL,0.0
11378,FR - Mindshare - Fox - EU/FR,N/A,GCA,N/A,N/A,Monitoring,531849,537739,0.999800735025,0.99990515845,0.840723845583,0.159276154417,1.48771058078e-05,0.149107652597,0.0,0.0,0.0,0.0107542878608,0.897572431273,NULL,0.897572238685,NULL,0.719834176769,NULL,0.0
12128,FR - Mediacom - Nikon - EU/FR,N/A,Fnac,N/A,N/A,Monitoring,530742,560088,0.950772273397,0.991856636814,0.991412063819,0.00858793618146,0.00478317692934,0.000807016040337,0.0,0.0,0.0,0.00333340475068,0.669783058435,0.669783058435,NULL,0.486098606033,NULL,0.0,NULL
10663,FR - Mediacom - MSC Cruise - EU/FR,N/A,M6,N/A,N/A,Monitoring,528533,2343287,0.225883862343,0.298209310255,0.997605073557,0.00239492644307,0.000361458071504,0.000565445035115,0.0,0.0,0.0,0.00146930358936,0.982027612278,NULL,0.982027612278,0.0,0.913669587792,0.0,0.0
9575,FR - KR Media - Essilor Varilux - EU/FR,N/A,Doctissimo,N/A,N/A,Monitoring,520275,786700,0.662498949476,0.8695512902,0.998179738147,0.00182026185331,2.54226515826e-06,0.000208465742977,0.0,0.0,0.0,0.00175162069404,0.337654125222,0.337654125222,NULL,0.0150292544064,NULL,0.0,NULL
9764,FR - KR Media - CNIPT - EU/FR,N/A,TF1,N/A,N/A,Monitoring,508362,2037157,0.250208933186,0.301403868234,0.989352317961,0.0106476820392,0.000264584418383,0.00775688864432,0.0,0.0,0.0,0.00265418914693,0.899331578678,NULL,0.899331578678,0.0,0.770295975114,0.0,0.0
6899,FR - KR Media - LVMH/Celine - EU/FR,N/A,New York Times Digital,N/A,N/A,Monitoring,505290,1129269,0.450274955644,0.564927399937,0.412179029089,0.587820970911,1.32829290452e-05,0.587277256349,3.54211441207e-06,0.0,0.0,0.00627485568098,0.342799184627,0.342799184627,NULL,0.0533680881401,NULL,0.0,NULL
10953,FR - KR Media - LVMH/Hublot - EU/FR,N/A,New York Times Digital,N/A,N/A,Monitoring,501302,2178980,0.235773680745,0.321572019936,0.975154430054,0.0248455699456,0.000222581207721,0.0,0.000402940825524,0.0,0.0,0.0242218836336,0.474987133504,0.474987133504,NULL,0.0419684171068,NULL,0.0,NULL
9475,FR - Mediacom - Sony - EU/FR,N/A,Cultureg,N/A,N/A,Monitoring,497901,517046,0.995738272751,0.993503479381,0.748298990805,0.251701009195,0.000454505015028,0.22420055469,0.0,0.0,0.0,0.0322060319585,0.309095583259,0.309095583259,NULL,0.136368336549,NULL,0.0,NULL
9635,FR - KR Media - Boiron - EU/FR,N/A,Digiteka,N/A,N/A,Monitoring,495878,518639,0.96642785868,0.924309587208,0.977456381028,0.022543618972,0.00507674895255,0.00682362876683,0.0,0.0,0.0,0.0106721631038,0.375291906477,NULL,0.375331286784,NULL,0.0249816528828,NULL,0.0
6552,FR - KR Media - LVMH/Sephora - EU/FR,N/A,TF1,N/A,N/A,Monitoring,494099,2308871,0.214941814207,0.314827896405,0.994406357046,0.00559364295363,8.66224228205e-07,0.000530129227661,0.000702507849074,0.0,0.0,0.00438049592203,0.878380648413,NULL,0.878380648413,0.0,0.719859287426,0.0,0.0
8751,FR - KR Media - Transavia - EU/FR,N/A,Travel Audience,N/A,N/A,Monitoring,489537,542199,0.907062322238,0.95741969277,0.98263737115,0.0173626288503,0.011080802436,0.0025009267815,0.0,3.13538018329e-05,0.0,0.00461454189329,0.57835669214,0.57835669214,NULL,0.304472871175,NULL,0.0,NULL
6585,FR - KR Media - LVMH/LouisVuitton - EU/FR,N/A,Vanity Fair,N/A,N/A,Monitoring,487534,510299,0.990182140188,0.97150102195,0.954618762725,0.0453812372746,0.00569861982877,0.0,0.00464237633231,0.0,0.0,0.0351362632496,0.424475010974,0.424475010974,NULL,0.284937152353,NULL,0.0,NULL
9914,FR - Mediacom - McCain - EU/FR,N/A,Teads,N/A,N/A,Monitoring,484310,2567403,0.188946672337,0.926690511774,0.98260927482,0.0173907251803,0.0152212177052,0.000569836523522,0.0,0.0,0.0,0.00163277833671,0.655303421362,NULL,0.655303421362,0.0,0.0,0.0,0.0
7345,FR - KR Media - Pierre Fabre - EU/FR,N/A,ComprendreChoisir,N/A,N/A,Monitoring,483258,486019,0.997751611964,0.998419814863,0.996290268487,0.00370973151255,4.1150654604e-06,0.000372413424167,0.0,0.0,0.0,0.0034401947249,0.433737258359,0.433737258359,NULL,0.284477334345,NULL,0.0,NULL
9586,FR - MEC - Activision - EU/FR,N/A,Twitch,N/A,N/A,Monitoring,480152,481564,0.999779285301,0.895478067297,0.996654650265,0.00334534973545,1.45359702968e-05,0.000618817021206,0.0,0.0,0.0,0.00271199674394,0.702608757227,NULL,0.702608757227,NULL,0.479959157491,NULL,0.0
6585,FR - KR Media - LVMH/LouisVuitton - EU/FR,N/A,WallPaper,N/A,N/A,Monitoring,477189,511267,0.973247319021,0.957611189457,0.95899402856,0.0410059714396,3.9118503639e-06,0.0,3.9118503639e-06,0.0,0.0,0.0409981477389,0.508546927947,0.508546927947,NULL,0.322787484285,NULL,0.0,NULL
11383,FR - Mindshare - Mazda - EU/FR,N/A,TF1,N/A,N/A,Monitoring,468891,1046687,0.449406099734,0.48940705292,0.991187432346,0.00881256765394,0.000179614345072,0.00546104040654,0.0,0.0,0.0,0.00318146685685,0.894576777972,NULL,0.894576777972,0.0,0.792918082238,0.0,0.0
6552,FR - KR Media - LVMH/Sephora - EU/FR,N/A,Lequipe,N/A,N/A,Monitoring,451915,453631,0.999783192076,0.999980160086,0.910973897287,0.0890261027134,0.000407820453188,0.0841058040566,0.00127636779673,0.0,0.0,0.00356677563923,0.779137669695,NULL,0.779137669695,NULL,0.509051240479,NULL,0.0
8425,FR - Mediacom - Assureurs Prevention - EU/FR,N/A,Magic Maman,N/A,N/A,Monitoring,451465,1201941,0.382440916133,0.690778499111,0.95789227591,0.0421077240896,0.00391533361455,0.0205176460409,0.0,0.0,0.0,0.0178519577916,0.0212065165627,0.0212065165627,NULL,0.00495821014516,NULL,0.0,NULL
12673,FR - Mediacom - Scania - EU/FR,N/A,Infopro,N/A,N/A,Monitoring,450149,464579,0.996621464549,0.992690156034,0.961515694855,0.0384843051451,6.45745933415e-05,0.0201192907988,0.0,0.0,0.0,0.0277692276233,0.591424172885,0.591424172885,NULL,0.434746865741,NULL,0.0,NULL
9475,FR - Mediacom - Sony - EU/FR,N/A,Sublime Skinz San Francisco,N/A,N/A,Monitoring,445432,458078,0.998657044017,0.99972275464,0.952855190601,0.0471448093993,0.0188155728937,0.00259562781884,0.0,0.0,0.0,0.0262880994067,0.847348192317,0.847348192317,NULL,0.523753554209,NULL,0.0,NULL
9586,FR - MEC - Activision - EU/FR,N/A,Webedia,N/A,N/A,Monitoring,441597,444359,0.999076933519,0.978605136838,0.966648588191,0.0333514118089,0.00016653201578,0.0279751282184,0.0,0.0,0.0,0.00529751844792,0.506054162506,0.330066518069,0.825980141916,0.0837687470601,0.484475910236,0.0,0.0
9635,FR - KR Media - Boiron - EU/FR,N/A,TF1,N/A,N/A,Monitoring,434033,1820328,0.2391869804,0.292484101766,0.991388365174,0.00861163482625,0.000537265811436,0.00495624964292,0.0,0.0,0.0,0.00313624797289,0.845341252854,NULL,0.845341252854,0.0,0.717611131393,0.0,0.0
11354,FR - Mindshare - Randstad - EU/FR,N/A,MPublicite,N/A,N/A,Monitoring,430804,478335,0.902209219286,0.973470475713,0.990864143331,0.00913585666949,0.00137142379295,0.0060313378699,0.0,0.0,0.0,0.00174981968704,0.563091336199,0.60674887791,0.475382584462,0.232913156385,0.033250963757,0.0,0.0
5483,FR - Mediacom - Danone - EU/FR,N/A,Aufeminin,N/A,N/A,Monitoring,428691,433617,0.995714644072,0.998996810549,0.950370949478,0.0496290505215,0.0423484319111,0.000410500510819,0.0,0.0,0.0,0.00710534872941,0.848669554528,0.848669554528,NULL,0.0,NULL,0.0,NULL
6585,FR - KR Media - LVMH/LouisVuitton - EU/FR,N/A,IGP Media,N/A,N/A,Monitoring,426801,855617,0.501019527742,0.89364867692,0.982131023577,0.0178689764229,0.000929154049066,0.0,0.0125733827168,0.0,0.0,0.0043851396127,0.401686031663,0.401686031663,NULL,0.093352400971,NULL,0.0,NULL
8249,FR - Mediacom - Krys - EU/FR,N/A,6 Play,N/A,N/A,Monitoring,424643,426188,0.999719843112,0.999997653618,0.993641303838,0.00635869616226,0.00241677381813,0.000612405792749,0.0,0.0,0.0,0.00334594122781,0.975859722167,NULL,0.975859722167,NULL,0.904777557642,NULL,0.0
6669,FR - KR Media - LVMH/Dior - EU/FR,N/A,PBU,N/A,N/A,Monitoring,409789,419741,0.980987764853,0.995054092881,0.977531382448,0.0224686175523,0.00235859732549,0.00306855894468,0.0141444366883,0.0,0.0,0.00478866729721,0.581831137488,0.581816140652,NULL,0.0,0.0,0.0,0.0
7345,FR - KR Media - Pierre Fabre - EU/FR,N/A,Cuisine AZ,N/A,N/A,Monitoring,404033,598980,0.677413297342,0.91887542155,0.993861230759,0.00613876924104,0.0,0.00188987946175,0.0,0.0,0.0,0.00424888977929,0.430885595979,0.430885595979,NULL,0.173054632594,NULL,0.0,NULL
9635,FR - KR Media - Boiron - EU/FR,N/A,Advideum,N/A,N/A,Monitoring,399065,403252,0.999686865903,0.866745856189,0.986455119875,0.0135448801246,0.00322131074365,0.000272782280063,0.0,0.0,0.0,0.0100731056511,0.512104544372,NULL,0.512104544372,NULL,0.113699912611,NULL,0.0
11048,FR - Mediacom - GSK - EU/FR,N/A,FranceTV,N/A,N/A,Monitoring,397290,406439,0.99965779793,0.999626020141,0.970571229631,0.029428770369,0.00701950354174,0.000255880956306,0.0,0.0,0.0,0.0221755294152,0.606617332427,NULL,0.606617332427,NULL,0.341829501324,NULL,0.0
12073,FR - Mediacom - Bosch - EU/FR,N/A,Daily Motion,N/A,N/A,Monitoring,386317,392478,0.999790371586,0.999997452086,0.981056263026,0.0189437369738,0.00321037102717,0.000249695524335,0.0,0.0,0.0,0.0154913141628,0.903102892184,NULL,0.903102892184,NULL,0.0,NULL,0.0
11354,FR - Mindshare - Randstad - EU/FR,N/A,366 FR,N/A,N/A,Monitoring,382731,391047,0.996041660161,0.996706278273,0.981316823809,0.0186831761911,0.000744156073311,0.00062396591714,0.0,0.0,0.0,0.01737387066,0.726131408221,0.726131408221,NULL,0.286863224088,NULL,0.0,NULL
9475,FR - Mediacom - Sony - EU/FR,N/A,Purch,N/A,N/A,Monitoring,375792,2207301,0.174682979435,0.886874060221,0.971687141899,0.0283128581014,0.00290807642456,5.02876590007e-05,0.0,0.0,0.0,0.0253794113263,0.795485268446,0.795485268446,NULL,0.120473433907,NULL,0.0,NULL
6585,FR - KR Media - LVMH/LouisVuitton - EU/FR,N/A,CNN,N/A,N/A,Monitoring,370666,377446,0.99855066217,0.992859905788,0.981740434393,0.0182595656067,0.000823958923926,0.0,0.00091403803458,0.0,0.0,0.0165348155763,0.476561108923,0.476561108923,NULL,0.302228843342,NULL,0.0,NULL
5483,FR - Mediacom - Danone - EU/FR,N/A,Digiteka,N/A,N/A,Monitoring,365509,376868,0.972525177272,0.970668775274,0.898152668839,0.101847331161,0.0985835889489,0.000724391564155,0.0,0.0,0.0,0.0027410127684,0.51270967336,NULL,0.512709812451,NULL,0.0,NULL,0.0
12128,FR - Mediacom - Nikon - EU/FR,N/A,Adara,N/A,N/A,Monitoring,364260,375773,0.979712374564,0.984256452699,0.97491836827,0.0250816317298,0.0100725704082,0.00897084143885,0.0,0.0,0.0,0.0105542441847,0.413671553286,0.413671553286,NULL,0.25242341316,NULL,0.0,NULL
9475,FR - Mediacom - Sony - EU/FR,N/A,Newebregie,N/A,N/A,Monitoring,359372,365860,0.998788242618,0.989151588039,0.982132509703,0.0178674902968,0.0,0.00134204340458,0.0,0.0,0.0,0.016541846608,0.338863350511,0.338863350511,NULL,0.214412891943,NULL,0.0,NULL
6747,FR - Mindshare - Ford - EU/FR,N/A,24H,N/A,N/A,Monitoring,356401,394273,0.989991777869,0.968856604434,0.722063138993,0.277936861007,5.07262734197e-06,0.19187212921,0.0,0.0,0.0,0.0868408437808,0.363980460212,0.363980460212,NULL,0.0147591998517,NULL,0.0,NULL
9635,FR - KR Media - Boiron - EU/FR,N/A,M6 Web,N/A,N/A,Monitoring,354634,947104,0.375790238868,0.474411469068,0.995250785553,0.00474921444741,0.0005078639727,0.000651459607393,0.0,0.0,0.0,0.00359200256783,0.95980362853,NULL,0.95980362853,0.0,0.880918583482,0.0,0.0
11378,FR - Mindshare - Fox - EU/FR,N/A,Mademoizelle,N/A,N/A,Monitoring,354236,366456,0.986633615107,0.844136813151,0.775383674984,0.224616325016,0.00607439910931,0.200321457419,0.0,0.0,0.0,0.0202534547122,0.434543637575,0.434543637575,NULL,0.126852619631,NULL,0.0,NULL
9575,FR - KR Media - Essilor Varilux - EU/FR,N/A,France TV Pluzz,N/A,N/A,Monitoring,350305,833807,0.421732074536,0.590844164177,0.987236854572,0.0127631454281,0.00870705091226,0.000266248664259,0.0,0.0,0.0,0.00380543698962,0.854552461426,NULL,0.854552461426,0.0,0.631994589906,0.0,0.0
7278,FR - KR Media - Covea/MAAF - EU/FR,N/A,DBM,N/A,N/A,Monitoring,347660,348437,0.999643456858,0.93204510428,0.99192106464,0.00807893535991,0.00579157781751,0.000441973728393,0.0,0.0,0.0,0.00187408340676,0.564036702525,NULL,0.56403832491,NULL,0.0,NULL,0.0
9475,FR - Mediacom - Sony - EU/FR,N/A,Sublimeskinz,N/A,N/A,Monitoring,347364,365161,0.998513859624,0.99950158971,0.93714005603,0.0628599439699,0.0131777489929,0.00276042622295,0.0,0.0,0.0,0.0473188538754,0.692458055527,0.692458055527,NULL,0.486789567318,NULL,0.0,NULL
9372,FR - Mindshare - Lufthansa - EU/FR,N/A,ViewPay,N/A,N/A,Monitoring,344963,440417,0.784755903362,0.999977294246,0.997672660229,0.00232733977117,0.000204351784786,0.00014304624935,7.94701385278e-05,0.0,0.0,0.00190047159851,0.605549000907,0.605549000907,NULL,0.347708885079,NULL,0.0,NULL
9575,FR - KR Media - Essilor Varilux - EU/FR,N/A,esante,N/A,N/A,Monitoring,333968,337526,0.995825481262,0.999445968607,0.978603129833,0.021396870167,0.00107547270433,0.0140255861771,0.0,0.0,0.0,0.0063935815315,0.510626766636,0.510626766636,NULL,0.198352058493,NULL,0.0,NULL
7685,FR - KR Media - LVMH/Kenzo - EU/FR,N/A,AppNexus,N/A,N/A,Monitoring,324537,334609,0.972946477556,0.997609149784,0.993102397126,0.0068976028738,0.00252234697811,0.000720243627637,0.000896568831083,5.97712554056e-06,0.0,0.00313201378325,0.810490021169,0.810490021169,NULL,0.433638272621,NULL,0.0,NULL
11990,FR - Mediacom - Kenwood - EU/FR,N/A,Amazon,N/A,N/A,Monitoring,311410,347812,0.903533357705,0.817053465665,0.974790979035,0.0252090209653,0.00306199901096,0.0192747806286,0.0,0.0,0.0,0.00902786562856,0.488731896856,0.488731896856,NULL,0.247047264028,NULL,0.0,NULL
7606,FR - KR Media - Covea/GMF - EU/FR,N/A,FranceTV,N/A,N/A,Monitoring,302570,394548,0.786463992181,0.869995539199,0.960174680901,0.0398253190993,0.0144164968521,0.000562669180936,0.0,0.0,0.0,0.0249044476211,0.884568860098,NULL,0.884568860098,0.0,0.0,0.0,0.0
6747,FR - Mindshare - Ford - EU/FR,N/A,Lemonde,N/A,N/A,Monitoring,298980,300122,0.998733961565,0.998617228994,0.99276294307,0.00723705693018,0.00441487128568,0.000289882114607,0.0,0.0,0.0,0.00254229946488,0.579229379892,0.579229379892,NULL,0.218418006111,NULL,0.0,NULL
9475,FR - Mediacom - Sony - EU/FR,N/A,The Trade Desk,N/A,N/A,Monitoring,286592,287543,0.999787199157,0.98257651899,0.995471981582,0.00452801841811,0.000761625217794,0.000695548144104,0.0,3.47774072052e-06,0.0,0.00309518924126,0.765443557392,NULL,0.765445625397,0.0,0.332195324316,0.0,0.0
9475,FR - Mediacom - Sony - EU/FR,N/A,TF1,N/A,N/A,Monitoring,280606,448616,0.628105204253,0.656612782424,0.99329716283,0.00670283717032,0.000225136865382,0.00234053176882,0.0,0.0,0.0,0.00415945931487,0.872707639894,NULL,0.872707639894,0.0,0.740452336061,0.0,0.0
8231,FR - KR Media - Savencia - EU/FR,N/A,M6,N/A,N/A,Monitoring,277787,721112,0.386093586905,0.446241360565,0.996681514106,0.00331848589401,0.000153928931983,0.000902772384872,0.0,0.0,0.0,0.00226178457715,0.982756572482,NULL,0.982756572482,NULL,0.0,NULL,0.0
11378,FR - Mindshare - Fox - EU/FR,N/A,Sens Critique,N/A,N/A,Monitoring,277507,281434,0.99742293979,0.993728547368,0.752361121968,0.247638878032,0.00138220684068,0.235852810961,0.0,0.0,0.0,0.0114058713588,0.433124209479,0.433124209479,NULL,0.373263721775,NULL,0.0,NULL
11393,FR - Mediacom - Allianz - EU/FR,N/A,TF1,N/A,N/A,Monitoring,273835,1788165,0.153488760543,0.292880131308,0.996787209234,0.00321279076595,4.47386007443e-05,0.000881350434663,0.0,0.0,0.0,0.00228893866058,0.892387751748,NULL,0.892387751748,0.0,0.78933404818,0.0,0.0
11383,FR - Mindshare - Mazda - EU/FR,N/A,M6 Web,N/A,N/A,Monitoring,246688,247646,0.999752785219,0.999947505714,0.994463871817,0.00553612818297,0.00153444836581,0.000383612091453,0.0,0.0,0.0,0.00362210574772,0.954217473083,NULL,0.954217473083,NULL,0.878697733049,NULL,0.0
5483,FR - Mediacom - Danone - EU/FR,N/A,Captify,N/A,N/A,Monitoring,242236,245153,0.999810138599,0.955896929672,0.98547029814,0.0145297018597,0.0010320085824,0.00180703479052,0.0,0.0,0.0,0.0117110539133,0.798411466504,NULL,0.798411466504,NULL,0.0,NULL,0.0
9475,FR - Mediacom - Sony - EU/FR,N/A,MPublicite,N/A,N/A,Monitoring,241443,480029,0.504173200888,0.982313568555,0.959835759923,0.0401642400772,0.0016748988082,0.0362790581402,0.0,0.0,0.0,0.00237485651909,0.603421925672,0.555524590895,0.741967207829,0.0974713597217,0.000240747315168,0.0,0.0
10645,FR - KR Media - Pfizer - EU/FR,N/A,TF1,N/A,N/A,Monitoring,241238,456031,0.529904579482,0.555878876655,0.996851091264,0.00314890873647,0.0,0.00143192019841,0.0,0.0,0.0,0.00171698853806,0.956171913214,NULL,0.956171913214,0.0,0.82111082932,0.0,0.0
11378,FR - Mindshare - Fox - EU/FR,N/A,Allocine,N/A,N/A,Monitoring,237253,238498,0.998968412366,0.998557639896,0.882091254434,0.117908745566,0.0,0.11423575879,0.0,0.0,0.0,0.00419290727805,0.499281357875,0.499281357875,NULL,0.223359844721,NULL,0.0,NULL
5483,FR - Mediacom - Danone - EU/FR,N/A,Overviews,N/A,N/A,Monitoring,235559,243679,0.999685952307,0.979514032805,0.951768515137,0.0482314848633,0.0169977716586,0.00017235789707,0.0,0.0,0.0,0.0330188485672,0.606514716058,NULL,0.606514716058,NULL,0.0,NULL,0.0
5483,FR - Mediacom - Danone - EU/FR,N/A,Invibes,N/A,N/A,Monitoring,230732,231253,0.999519153711,0.999654058542,0.982979680264,0.0170203197364,0.0133014490623,0.00197619057915,0.0,0.0,0.0,0.00177294997254,0.52801518645,0.52801518645,NULL,0.0,NULL,0.0,NULL
10533,FR - KR Media - Cetelem - EU/FR,N/A,Freewheel,N/A,N/A,Monitoring,230136,230520,0.999743695562,0.99986552143,0.93949765747,0.0605023425299,0.0590144022211,0.000247267048412,0.0,0.0,0.0,0.00140985597779,0.482001946675,NULL,0.481972684173,NULL,0.0,NULL,0.0
8574,FR - MEC - Burger King / Quick - EU/FR,N/A,Allocine,N/A,N/A,Monitoring,224396,225972,0.999118409218,0.997415609014,0.992950454039,0.00704954596145,0.0,0.000964721292904,0.0,0.0,0.0,0.00609810064964,0.532251020517,0.5034331517,NULL,0.228659030709,0.312347701863,0.0,0.0
11990,FR - Mediacom - Kenwood - EU/FR,N/A,DBM,N/A,N/A,Monitoring,219662,231394,0.954496076199,0.986032481395,0.990764669784,0.009235330216,0.00230775214569,0.00197930802009,0.0,0.0,0.0,0.00544525787185,0.330790031958,0.330790031958,NULL,0.179613714121,NULL,0.0,NULL
11354,FR - Mindshare - Randstad - EU/FR,N/A,TF1,N/A,N/A,Monitoring,218022,1350123,0.161800884769,0.181952311012,0.993171733242,0.00682826675792,0.000104434929262,0.00476919510296,0.0,0.0,0.0,0.00196426547803,0.880723046298,NULL,0.880723046298,0.0,0.775086446308,0.0,0.0
7606,FR - KR Media - Covea/GMF - EU/FR,N/A,MPublicite,N/A,N/A,Monitoring,208578,477649,0.437757755489,0.938216137792,0.99410236387,0.0058976361303,0.00274888045406,0.000682509541525,0.0,0.0,0.0,0.00247043330982,0.840721456721,NULL,0.840721456721,0.0,0.0,0.0,0.0
9475,FR - Mediacom - Sony - EU/FR,N/A,LeFigaro,N/A,N/A,Monitoring,207527,210602,0.999874730792,0.737547601637,0.979924217244,0.0200757827561,0.00562197889859,3.32380509207e-05,0.0,0.0,0.0,0.0144727970295,0.448577775422,NULL,0.448577775422,NULL,0.14340186139,NULL,0.0
9372,FR - Mindshare - Lufthansa - EU/FR,N/A,Capital,N/A,N/A,Monitoring,191760,492671,0.396887980975,0.54953508528,0.938646683081,0.0613533169194,7.51008279359e-05,0.043446843837,0.000359266122828,0.0,0.0,0.0193070020358,0.484376303713,0.484376303713,NULL,0.127333057137,NULL,0.0,NULL
9475,FR - Mediacom - Sony - EU/FR,N/A,Neweb,N/A,N/A,Monitoring,186914,191827,0.997156529579,0.990955392098,0.974471789685,0.0255282103145,0.00219468583672,0.000693333055305,0.0,0.0,0.0,0.0228330735506,0.11618712349,0.11618712349,NULL,0.070238592564,NULL,0.0,NULL
7685,FR - KR Media - LVMH/Kenzo - EU/FR,N/A,TF1,N/A,N/A,Monitoring,185059,251709,0.740502580929,0.762161861515,0.989789796948,0.0102102030519,3.97284165445e-06,0.00179175158616,0.00136665752913,0.0,0.0,0.00714714213636,0.861611702214,NULL,0.861611702214,0.0,0.661441371764,0.0,0.0
11378,FR - Mindshare - Fox - EU/FR,N/A,cotecine,N/A,N/A,Monitoring,178812,180053,0.999307014799,0.996773172344,0.986231831738,0.0137681682616,0.0,0.00792544417477,0.0,0.0,0.0,0.00610375833782,0.666174529674,0.666174529674,NULL,0.617514737892,NULL,0.0,NULL
5483,FR - Mediacom - Danone - EU/FR,N/A,BebesEtMamans,N/A,N/A,Monitoring,171855,173480,0.994341358421,0.996991007609,0.81642264238,0.18357735762,0.0,0.18156559834,0.0,0.0,0.0,0.003729536546,0.190922580082,0.190922580082,NULL,0.0,NULL,0.0,NULL
9475,FR - Mediacom - Sony - EU/FR,N/A,Daily Motion,N/A,N/A,Monitoring,171761,225630,0.999644981434,1.0,0.758139431813,0.241860568187,0.00316447280947,0.000239329876346,0.0,0.0,0.0,0.238465629571,0.9620810312,NULL,0.9620810312,NULL,0.847478762967,NULL,0.0
7278,FR - KR Media - Covea/MAAF - EU/FR,N/A,Teads INC,N/A,N/A,Monitoring,170098,170471,0.999635637047,0.978207437042,0.953153322266,0.046846677734,0.0445706307818,0.000533815135712,0.0,0.0,0.0,0.00181849112166,0.725705181719,NULL,0.725705181719,NULL,NULL,NULL,0.0
5483,FR - Mediacom - Danone - EU/FR,N/A,FranceTV,N/A,N/A,Monitoring,169317,174615,0.982071597606,0.989680153481,0.984674856112,0.015325143888,0.00251410245397,0.000188987200412,0.0,0.0,0.0,0.0126392348882,0.703502896933,0.649344942989,NULL,0.000277335305496,0.0,0.0,0.0
11393,FR - Mediacom - Allianz - EU/FR,N/A,PLS Regie,N/A,N/A,Monitoring,162207,164557,0.996577867342,0.999598923169,0.813535735338,0.186464264662,0.0,0.177968728161,0.0,0.0,0.0,0.0108351513457,0.358036336286,0.358036336286,NULL,0.173057848229,NULL,0.0,NULL
6669,FR - KR Media - LVMH/Dior - EU/FR,N/A,Media Figaro,N/A,N/A,Monitoring,138145,139418,0.996005739046,0.996571461361,0.981573397983,0.018426602017,0.000121935474616,0.00041601514869,0.0129968870591,0.0,0.0,0.00515715330875,0.269745557204,0.269745557204,NULL,NULL,NULL,0.0,NULL
10533,FR - KR Media - Cetelem - EU/FR,N/A,LeFigaro,N/A,N/A,Monitoring,129442,129791,0.99983006859,0.555215692922,0.996817961184,0.00318203881625,0.0,0.000770469447034,0.0,0.0,0.0,0.0025194350918,0.495720090852,NULL,0.495720090852,NULL,0.0,NULL,0.0
11354,FR - Mindshare - Randstad - EU/FR,N/A,TeamMedia,N/A,N/A,Monitoring,127401,127670,0.999458696164,0.999992167306,0.885689668677,0.114310331323,0.00498942586355,0.108200830266,0.0,0.0,0.0,0.00156653873267,0.712192211992,NULL,0.712192211992,NULL,NULL,NULL,0.0
6899,FR - KR Media - LVMH/Celine - EU/FR,N/A,Media Figaro,N/A,N/A,Monitoring,125847,294916,0.430514029242,0.820433614995,0.986952216902,0.0130477830976,0.000352642786421,0.0,0.00391297861086,0.0,0.0,0.00880928806847,0.244765469181,0.244765469181,NULL,0.0509487682439,NULL,0.0,NULL
9475,FR - Mediacom - Sony - EU/FR,N/A,Deezer,N/A,N/A,Monitoring,122682,122985,0.999796262642,1.0,0.0,1.0,0.998552669025,0.00144733097532,0.0,0.0,0.0,0.00226043826483,8.15115501867e-06,8.15115501867e-06,NULL,NULL,NULL,0.0,NULL
11378,FR - Mindshare - Fox - EU/FR,N/A,BrainMagazine,N/A,N/A,Monitoring,119222,119828,0.999413204574,0.999657842908,0.821886370464,0.178113629536,0.00308775912141,0.171812931869,0.0,0.0,0.0,0.00447307807858,0.192950965426,0.192950965426,NULL,0.0760020768927,NULL,0.0,NULL
7278,FR - KR Media - Covea/MAAF - EU/FR,N/A,TF1,N/A,N/A,Monitoring,116268,169587,0.68736624298,0.705319393586,0.99697500398,0.00302499601974,0.0,0.00044814755848,0.0,0.0,0.0,0.00257684846126,0.934840196787,NULL,0.934840196787,0.0,0.00284479449381,0.0,0.0
9635,FR - KR Media - Boiron - EU/FR,N/A,OSP,N/A,N/A,Monitoring,115803,116947,0.995615279461,0.997058496584,0.993697999949,0.00630200005131,0.00059001085962,0.000461747629268,0.0,0.0,0.0,0.00542125920289,0.611823527888,0.611823527888,NULL,0.219708153637,NULL,0.0,NULL
11048,FR - Mediacom - GSK - EU/FR,N/A,TF1,N/A,N/A,Monitoring,115298,426227,0.271793348609,0.288315850474,0.991396603218,0.00860339678153,0.000150154729757,0.00374448357331,0.0,0.0,0.0,0.00472752781968,0.796241044944,NULL,0.796241044944,0.0,0.677908442416,0.0,0.0
8574,FR - MEC - Burger King / Quick - EU/FR,N/A,TF1,N/A,N/A,Monitoring,110125,110729,0.996696533623,0.999990968942,0.997227465253,0.00277253474699,0.0,0.00061411193093,0.0,0.0,0.0,0.00215842281606,0.932894438138,NULL,0.932894438138,0.0,0.834082423727,0.0,0.0
9475,FR - Mediacom - Sony - EU/FR,N/A,Just Digital Group Media,N/A,N/A,Monitoring,109609,113119,0.998778965401,0.993113446901,0.804771965806,0.195228034194,0.000689539334683,0.169379149391,0.0,0.0,0.0,0.029826996349,0.243465408862,0.243465408862,NULL,0.14190635202,NULL,0.0,NULL
5483,FR - Mediacom - Danone - EU/FR,N/A,Media Bong,N/A,N/A,Monitoring,107487,136179,0.791031924758,0.843066845843,0.994793617224,0.00520638277561,0.00209283369683,0.000954625896798,0.0,0.0,0.0,0.00218095301038,0.804981067478,NULL,0.804981067478,0.0,0.0,0.0,0.0
12128,FR - Mediacom - Nikon - EU/FR,N/A,Le Monde De La Photo,N/A,N/A,Monitoring,105682,106751,0.997536411089,0.999831383313,0.786980918212,0.213019081788,9.36759374619e-06,0.206499236541,0.0,0.0,0.0,0.00756901574693,0.742245604739,0.742245604739,NULL,0.379777169886,NULL,0.0,NULL
10953,FR - KR Media - LVMH/Hublot - EU/FR,N/A,CNN,N/A,N/A,Monitoring,102376,107476,0.997641739266,0.990174550597,0.953626856228,0.0463731437716,0.000148870445495,0.0,0.00102348431278,0.0,0.0,0.0452007890134,0.500634914433,0.500634914433,NULL,0.374161780589,NULL,0.0,NULL
11528,FR - KR Media - Air France - EU/FR,N/A,Mobkoi,N/A,N/A,Monitoring,98517,119818,0.904805201962,0.98313275134,0.906825351784,0.0931746482165,0.000283763708291,0.00199469194946,0.0,0.0,0.0,0.0912634161812,0.842149070719,0.853471746156,0.829969238549,0.370101774152,0.098645456336,0.0,0.0
9475,FR - Mediacom - Sony - EU/FR,N/A,Invibes,N/A,N/A,Monitoring,92687,92882,0.999751914572,0.999644710493,0.969725027454,0.0302749725458,0.0270988996792,0.00137809263366,0.0,0.0,0.0,0.00185181197649,0.676847885896,0.676847885896,NULL,0.289393211111,NULL,0.0,NULL
5483,FR - Mediacom - Danone - EU/FR,N/A,ConsoBaby,N/A,N/A,Monitoring,91449,200732,0.456427993891,0.999377279158,0.933005200964,0.0669947990355,0.0,0.0654305242811,0.0,0.0,0.0,0.00192794372596,0.133451431946,0.133451431946,NULL,NULL,NULL,0.0,NULL
7278,FR - KR Media - Covea/MAAF - EU/FR,N/A,M6 Web,N/A,N/A,Monitoring,90149,90480,0.999811458865,1.0,0.994076038904,0.00592396109637,0.00179045092838,0.000663129973475,0.0,0.0,0.0,0.00347038019452,0.960021741783,NULL,0.960021741783,NULL,0.00606763925729,NULL,0.0
7807,FR - Mindshare - Ligue Contre Le Cancer - EU/FR,N/A,FranceTV,N/A,N/A,Monitoring,89575,477425,0.189322686596,0.999602031733,0.990383829921,0.00961617007907,0.000456616222443,0.000171754725873,0.0,0.0,0.0,0.00898779913075,0.704649734859,0.704649734859,NULL,0.110333227851,NULL,0.0,NULL
6585,FR - KR Media - LVMH/LouisVuitton - EU/FR,N/A,Allocine,N/A,N/A,Monitoring,84254,84912,0.999869459443,0.999894007914,0.992380346712,0.00761965328811,0.0,0.0,0.0,0.0,0.0,0.00761965328811,0.853087093788,NULL,0.853087093788,NULL,0.654784104401,NULL,0.0
6899,FR - KR Media - LVMH/Celine - EU/FR,N/A,Les Echos,N/A,N/A,Monitoring,82149,95263,0.86833676867,0.957034735417,0.992620429758,0.00737957024238,1.04972549678e-05,0.0,0.000545857258327,0.0,0.0,0.00690719376883,0.0698973815871,0.0698973815871,NULL,0.0260871560828,NULL,0.0,NULL
6747,FR - Mindshare - Ford - EU/FR,N/A,Editialas,N/A,N/A,Monitoring,73769,76792,0.996757151157,0.975726638191,0.603318053964,0.396681946036,0.000130221898114,0.363488384207,0.0,0.0,0.0,0.0358500885509,0.287736040884,0.287736040884,NULL,0.0923197253656,NULL,0.0,NULL
6747,FR - Mindshare - Ford - EU/FR,N/A,Infopro,N/A,N/A,Monitoring,72275,75333,0.995852623457,0.979836193965,0.962911340316,0.0370886596843,1.32743950194e-05,0.00049115261572,0.0,0.0,0.0,0.0365975070686,0.243431338637,0.243431338637,NULL,0.242662637385,NULL,0.0,NULL
11528,FR - KR Media - Air France - EU/FR,N/A,MotionLead,N/A,N/A,Monitoring,68165,71614,0.953103371132,0.779624095847,0.987362806155,0.0126371938448,0.0,0.0114363113358,0.0,0.0,0.0,0.00132655625995,0.321044524316,0.321044524316,NULL,0.0273510172401,NULL,0.0,NULL
9475,FR - Mediacom - Sony - EU/FR,N/A,Advideum,N/A,N/A,Monitoring,65208,315420,0.208882838152,0.511308731216,0.982138101579,0.0178618984212,0.00758988015979,0.0,0.0,0.0,0.0,0.0102878701414,0.197015703595,0.875,0.196932515337,0.0,0.0167208788463,0.0,0.0
5483,FR - Mediacom - Danone - EU/FR,N/A,Vuble,N/A,N/A,Monitoring,65061,65271,0.999754137406,0.999938717041,0.98881586003,0.0111841399703,0.00727735135052,0.000949885860489,0.0,0.0,0.0,0.00297222349895,0.743717434408,NULL,0.743728865662,NULL,0.0,NULL,0.0
11834,BE - Mindshare - Jaguar Land Rover BE - EU/FR,N/A,Editus LX,N/A,N/A,Monitoring,61408,61705,0.999105152693,0.999578640305,0.0538530102909,0.946146989709,0.00119925451746,0.944591200065,0.0,0.0,0.0,0.00392188639494,0.749902292861,0.749902292861,NULL,0.24059064865,NULL,0.0,NULL
11378,FR - Mindshare - Fox - EU/FR,N/A,Commeaucinema,N/A,N/A,Monitoring,57427,60766,0.99760270998,0.990488101899,0.762910180035,0.237089819965,0.0,0.185827600961,0.0,0.0,0.0,0.0526610275483,0.223065805283,0.223065805283,NULL,0.129715917458,NULL,0.0,NULL
7345,FR - KR Media - Pierre Fabre - EU/FR,N/A,Mondadori,N/A,N/A,Monitoring,54508,54752,0.998369873803,0.999379018118,0.700997223846,0.299002776154,0.0,0.296738018703,0.0,0.0,0.0,0.00283094681473,0.210849783518,0.210849783518,NULL,0.0207558934892,NULL,0.0,NULL
10533,FR - KR Media - Cetelem - EU/FR,N/A,Advideum,N/A,N/A,Monitoring,52431,52605,0.999618691731,0.890808858474,0.992377150461,0.00762284953902,0.00391597756867,0.000836422393309,0.0,0.0,0.0,0.00292747837658,0.606454196945,NULL,0.606454196945,NULL,0.0,NULL,0.0
11990,FR - Mediacom - Kenwood - EU/FR,N/A,Advideum,N/A,N/A,Monitoring,51122,581962,0.0885978107908,0.315965647242,0.990892876167,0.00910712383283,0.000501750973431,0.000108254490843,0.0,0.0,0.0,0.00850570999481,0.731876687141,NULL,0.731876687141,0.0,0.342626614441,0.0,0.0
10069,FR - KR Media - LVMH/Chaumet - EU/FR,N/A,New York Times Digital,N/A,N/A,Monitoring,50519,55977,0.922030990491,0.96720081462,0.977276381371,0.0227236186291,0.00100041088304,0.0,0.000535934401629,0.0,0.0,0.0219197170266,0.701597418793,0.701597418793,NULL,0.559967852833,NULL,0.0,NULL
10618,FR - Mediacom - Bayer - EU/FR,N/A,FranceTV,N/A,N/A,Monitoring,35726,98070,0.374090323662,0.677118384827,0.972988681554,0.027011318446,0.000438462322831,0.000377281533598,0.0,0.0,0.0,0.0261955745896,0.944746123272,NULL,NULL,0.0,0.676687883701,0.0,0.0
10620,FR - KR Media  - SEB - EU/FR,N/A,M6,N/A,N/A,Monitoring,35654,158517,0.225565431943,0.307664162203,0.994196206085,0.00580379391485,0.000195562621044,0.0027631105812,0.0,0.0,0.0,0.00285142918425,0.967268749649,NULL,NULL,0.0,0.88531884898,0.0,0.0
9475,FR - Mediacom - Sony - EU/FR,N/A,M6,N/A,N/A,Monitoring,32341,98355,0.329442084568,0.402114788267,0.996614305323,0.00338569467744,0.000640536830868,0.000854049107824,0.0,0.0,0.0,0.00189110873875,0.965523638725,NULL,NULL,0.0,0.884513487784,0.0,0.0
9475,FR - Mediacom - Sony - EU/FR,N/A,M6 Web,N/A,N/A,Monitoring,24341,57166,0.428591551776,0.563149424483,0.992775425952,0.00722457404751,6.99716614771e-05,0.000629744953294,0.0,0.0,0.0,0.00652485743274,0.918655765992,NULL,NULL,0.0,0.816933918445,0.0,0.0
10953,FR - KR Media - LVMH/Hublot - EU/FR,N/A,Lequipe,N/A,N/A,Monitoring,18447,1588016,0.0116292191144,0.0226301246335,0.998891698824,0.00110830117581,4.40801604014e-06,0.0,0.0,0.0,0.0,0.00110389315977,0.482354854448,0.482354854448,NULL,0.00312590125651,NULL,0.0,NULL
10620,FR - KR Media  - SEB - EU/FR,N/A,TF1,N/A,N/A,Monitoring,17724,173477,0.102457973964,0.121543489915,0.992189166287,0.00781083371283,7.49378880197e-05,0.00492860725053,0.0,0.0,0.0,0.00281881748013,0.935285488603,NULL,NULL,0.0,0.80224692103,0.0,0.0
11354,FR - Mindshare - Randstad - EU/FR,N/A,Yume,N/A,N/A,Monitoring,9294,458451,0.0207003461194,0.944072539922,0.979070827635,0.0209291723652,0.0,0.000266113499589,0.0,0.0,0.0,0.0206630588656,0.64019797719,0.788723266364,NULL,0.000380275188808,0.085512966833,0.0,0.0
9372,FR - Mindshare - Lufthansa - EU/FR,N/A,Harvard Business Review,N/A,N/A,Monitoring,1245,98264,0.0127030446494,0.0127920703411,0.997272653261,0.0027273467394,0.0,0.000122120003257,0.0,0.0,0.0,0.00260522673614,0.193574297189,0.193574297189,NULL,NULL,NULL,0.0,NULL
9372,FR - Mindshare - Lufthansa - EU/FR,N/A,Geo,N/A,N/A,Monitoring,1040,145635,0.0108046335255,0.243918014214,0.589096027741,0.410903972259,0.0,0.0747691145672,0.0,0.0,0.0,0.339066845195,0.353846153846,0.353846153846,NULL,0.00246399857109,NULL,0.0,NULL
6585,FR - KR Media - LVMH/LouisVuitton - EU/FR,N/A,BBC Magazines,N/A,N/A,Monitoring,539,63915,0.00852025734655,0.585527653915,0.988109207541,0.0118907924587,0.00167409841195,0.0,0.0,0.0,0.0,0.0102323398263,0.905380333952,1.0,NULL,0.0,0.0326086956522,0.0,0.0
6669,FR - KR Media - LVMH/Dior - EU/FR,N/A,Teads INC,N/A,N/A,Monitoring,37,233953,0.000158302314637,0.935328890846,0.980320833672,0.0196791663283,0.00302624886195,0.0,0.0157040089249,0.0,0.0,0.000953182904259,0.891891891892,NULL,NULL,0.0,0.0,0.0,0.0
7278,FR - KR Media - Covea/MAAF - EU/FR,N/A,Advideum,N/A,N/A,Monitoring,2,99192,2.0300652666e-05,0.472134849585,0.918814017259,0.0811859827405,0.0395293975321,0.0353052665538,0.0,0.0,0.0,0.00678482135656,1.0,NULL,NULL,0.0,0.0,0.0,0.0
6585,FR - KR Media - LVMH/LouisVuitton - EU/FR,N/A,Advideum,N/A,N/A,Monitoring,1,1184058,8.47011151749e-07,0.456093367048,0.980837931926,0.0191620680744,0.000634259470398,0.0,0.0156689959445,0.0,0.0,0.00290188487388,1.0,NULL,NULL,0.0,0.0,0.0,0.0
6552,FR - KR Media - LVMH/Sephora - EU/FR,N/A,M6 Web,N/A,N/A,Monitoring,0,1473777,0.0,0.188721224446,0.997952878896,0.00204712110448,6.78528705496e-07,1.42491028154e-05,0.0,0.0,0.0,0.00203219347296,NULL,NULL,NULL,NULL,NULL,0.0,NULL
6585,FR - KR Media - LVMH/LouisVuitton - EU/FR,N/A,Teads INC,N/A,N/A,Monitoring,0,3558867,0.0,0.895975039247,0.990677651061,0.00932234893858,0.00307148314337,0.0,0.00307738389774,0.0,0.0,0.00319174613718,NULL,NULL,NULL,0.0,NULL,0.0,NULL
6669,FR - KR Media - LVMH/Dior - EU/FR,N/A,Lequipe,N/A,N/A,Monitoring,0,2188327,0.0,0.0,0.951438244833,0.0485617551673,0.0,0.0474325820593,0.0,0.0,0.0,0.00123793199097,NULL,NULL,NULL,NULL,NULL,0.0,NULL
7715,FR - Mediacom - Subway - EU/FR,N/A,TF1,N/A,N/A,Monitoring,0,1817572,0.0,0.4913852106,0.995238703061,0.00476129693899,1.10036906378e-06,0.00263978538402,0.0,0.0,0.0,0.00212866395389,NULL,NULL,NULL,NULL,NULL,0.0,NULL
8249,FR - Mediacom - Krys - EU/FR,N/A,Overviews,N/A,N/A,Monitoring,0,2098865,0.0,0.775336670057,0.901087492526,0.0989125074743,0.00784995700057,0.079820760268,0.0,0.0,0.0,0.0115743508992,NULL,NULL,NULL,0.0,NULL,0.0,NULL
8425,FR - Mediacom - Assureurs Prevention - EU/FR,N/A,Gulli,N/A,N/A,Monitoring,0,187034,0.0,0.968583252243,0.974106312221,0.0258936877787,8.55459435183e-05,0.0189270400034,0.0,0.0,0.0,0.00690248831763,NULL,NULL,NULL,NULL,NULL,0.0,NULL
8425,FR - Mediacom - Assureurs Prevention - EU/FR,N/A,TF1,N/A,N/A,Monitoring,0,736079,0.0,0.254260751903,0.995425762724,0.00457423727616,1.76611477844e-05,0.00280676394789,0.0,0.0,0.0,0.00175252928015,NULL,NULL,NULL,NULL,NULL,0.0,NULL
8425,FR - Mediacom - Assureurs Prevention - EU/FR,N/A,Teads INC,N/A,N/A,Monitoring,0,829129,0.0,0.835333223178,0.994458039702,0.0055419602981,0.00372559637885,0.000302727319874,0.0,0.0,0.0,0.00152328527889,NULL,NULL,NULL,NULL,NULL,0.0,NULL
9372,FR - Mindshare - Lufthansa - EU/FR,N/A,Next Regie,N/A,N/A,Monitoring,0,2223579,0.0,0.44308972157,0.7982014581,0.2017985419,0.000194731106923,0.185310708547,0.000175392913856,0.0,0.0,0.0171345385075,NULL,NULL,NULL,0.0,NULL,0.0,NULL
11354,FR - Mindshare - Randstad - EU/FR,N/A,Les Echo,N/A,N/A,Monitoring,0,108839,0.0,0.0118339933296,0.806062165217,0.193937834783,0.0,0.191475482134,0.0,0.0,0.0,0.00332601365319,NULL,NULL,NULL,NULL,NULL,0.0,NULL
11354,FR - Mindshare - Randstad - EU/FR,N/A,Next Regie,N/A,N/A,Monitoring,0,725143,0.0,0.182737749658,0.995850473631,0.00414952636928,0.000222025172966,1.65484600968e-05,0.0,0.0,0.0,0.00391784792793,NULL,NULL,NULL,NULL,NULL,0.0,NULL
11383,FR - Mindshare - Mazda - EU/FR,N/A,6 Play,N/A,N/A,Monitoring,0,387911,0.0,0.104513664217,0.997775262882,0.00222473711753,6.70256837264e-05,0.000788840739242,0.0,0.0,0.0,0.00136887069457,NULL,NULL,NULL,0.0,NULL,0.0,NULL
11383,FR - Mindshare - Mazda - EU/FR,N/A,BFM,N/A,N/A,Monitoring,0,276913,0.0,0.345411735816,0.994590358705,0.00540964129528,0.000101114790566,5.77798803234e-05,0.0,0.0,0.0,0.00525074662439,NULL,NULL,NULL,0.0,NULL,0.0,NULL
11393,FR - Mediacom - Allianz - EU/FR,N/A,Next Regie,N/A,N/A,Monitoring,0,536353,0.0,0.700005406887,0.946913693034,0.0530863069657,6.89844188436e-05,0.000389668744278,0.0,0.0,0.0,0.0526313826901,NULL,NULL,NULL,NULL,NULL,0.0,NULL
12073,FR - Mediacom - Bosch - EU/FR,N/A,Outbrain,N/A,N/A,Monitoring,0,8280596,0.0,0.988678834229,0.990693061224,0.0093069387759,0.0019777561905,0.000420259604502,0.0,0.0,0.0,0.0069276414403,NULL,NULL,NULL,NULL,NULL,0.0,NULL
