4677,FR - OMD - Renault - EU/FR,N/A,MediaMath,N/A,N/A,Monitoring,54503063,57105504,0.958523670194,0.9654353808,0.976701930518,0.0232980694821,0.0169070918278,0.000626507035119,0.00192902596569,0.0,0.0,0.00426913314696,0.360745872209,0.360745872209,NULL,0.0,NULL,0.0,NULL
10752,FR - Remind PHD - Volkswagen - EU/FR,N/A,DBM,N/A,N/A,Monitoring,51985964,57318716,0.910663747435,0.967574954052,0.985486573007,0.014513426993,0.00809859383452,0.00263803885628,0.0,0.0,0.0,0.0040301147011,0.663881927822,0.663881946897,NULL,0.0,0.0,0.0,0.0
4677,FR - OMD - Renault - EU/FR,N/A,Invite Media,N/A,N/A,Monitoring,42513173,45176997,0.943573667572,0.95984684418,0.98659461584,0.0134053841604,0.0057566685984,0.00177725403041,0.00360763244179,0.0,0.0,0.00268716400074,0.393509418834,0.398783710709,0.257994719476,0.0,0.0,0.0,0.0
10573,FR - OMD - McDonald's - EU/FR,N/A,Invite Media,N/A,N/A,Monitoring,31377020,32642832,0.963883439266,0.9739928815,0.93890520896,0.0610947910402,0.0504854480763,0.00115547572588,0.000106302051244,0.00679542755359,0.0,0.00275901306602,0.800827739537,0.821191130399,0.676014831581,0.0,0.0,0.0,0.0
4677,FR - OMD - Renault - EU/FR,N/A,Tradelab,N/A,N/A,Monitoring,29941300,32164250,0.934227411095,0.953159983522,0.984209922507,0.0157900774929,0.00898357648632,0.000792556953761,0.00257024491477,0.0,0.0,0.00357319073195,0.440051600966,0.440051600966,NULL,0.0,NULL,0.0,NULL
4677,FR - OMD - Renault - EU/FR,N/A,leboncoin,N/A,N/A,Monitoring,29666408,29761849,0.998473264972,0.999976748756,0.998227428679,0.00177257132109,1.00800188859e-07,9.60625799828e-05,0.0,0.0,0.0,0.00168245595225,0.56230161063,0.56230161063,NULL,0.0,NULL,0.0,NULL
4677,FR - OMD - Renault - EU/FR,N/A,Radiumone,N/A,N/A,Monitoring,29550360,31608709,0.93751507977,0.969247019864,0.979991653566,0.0200083464339,0.0132025638883,0.00061609602594,0.00359040288548,0.0,0.0,0.0028078337524,0.414913490056,0.414913490056,NULL,0.0,NULL,0.0,NULL
8978,FR - Remind PHD - AXA - EU/FR,N/A,DBM,N/A,N/A,Monitoring,27360439,28847146,0.951020121296,0.977210535836,0.990484327288,0.00951567271161,0.00427227705645,0.00262954955752,0.0,0.0,0.0,0.00268449433438,0.842799744551,0.842799744551,NULL,0.0,NULL,0.0,NULL
10752,FR - Remind PHD - Volkswagen - EU/FR,N/A,Le Bon Coin,N/A,N/A,Monitoring,23260707,23313343,0.999578909028,0.999955647716,0.995106107262,0.00489389273773,4.58964636689e-06,0.00305704763148,0.0,0.0,0.0,0.00183744562073,0.792618126354,0.792618126354,NULL,0.0,NULL,0.0,NULL
11234,FR - OMD - Levi's - EU/FR,N/A,Invite Media,N/A,N/A,Monitoring,18263348,19293931,0.949159578682,0.929251431448,0.915859448238,0.0841405517621,0.0784720853412,0.00341547816254,0.0,0.0,0.0,0.00271126708186,0.67711862031,0.721663111436,0.408489205254,0.0,0.0,0.0,0.0
10573,FR - OMD - McDonald's - EU/FR,N/A,Yanco,N/A,N/A,Monitoring,17486926,23608775,0.744230381369,0.565070911134,0.992650783448,0.0073492165519,0.000263334289899,0.00265935017806,2.28728513021e-06,5.582670003e-05,0.0,0.00474759914481,0.618388903802,0.618388903802,NULL,0.0,NULL,0.0,NULL
10752,FR - Remind PHD - Volkswagen - EU/FR,N/A,Microsoft,N/A,N/A,Monitoring,14995686,15745043,0.954700134416,0.999841727965,0.93303829021,0.0669617097902,0.000960048187865,0.0638526042768,0.0,0.0,0.0,0.00240075559019,0.735029527826,0.735029527826,NULL,0.0,NULL,0.0,NULL
4677,FR - OMD - Renault - EU/FR,N/A,Quantcast,N/A,N/A,Monitoring,12563404,13230711,0.952514331798,0.971276600328,0.989099300861,0.0109006991385,0.00691482113093,0.000434368190795,0.000630956265313,0.0,0.0,0.00309318221825,0.564794620948,0.564794620948,NULL,0.0,NULL,0.0,NULL
4677,FR - OMD - Renault - EU/FR,N/A,ROCKETFUEL,N/A,N/A,Monitoring,11360637,12231640,0.942326076143,0.966153271352,0.969197507448,0.0308024925521,0.0129636745359,0.00112339800714,0.00317496263788,0.0,0.0,0.0143561288593,0.316146532981,0.316146532981,NULL,0.0,NULL,0.0,NULL
4677,FR - OMD - Renault - EU/FR,N/A,Oath,N/A,N/A,Monitoring,8924722,9279272,0.964234691987,0.999598136578,0.971135235609,0.028864764391,0.00437577430643,0.018504361118,0.00361396885445,0.0,0.0,0.00253198742315,0.846752201357,0.846752201357,NULL,0.0,NULL,0.0,NULL
4677,FR - OMD - Renault - EU/FR,N/A,La Centrale,N/A,N/A,Monitoring,6691431,6718673,0.998514635407,0.999465221778,0.997235912508,0.00276408749168,4.61400636703e-06,0.000205546541705,0.0,0.0,0.0,0.00257312716365,0.597971794075,0.597971794075,NULL,0.0,NULL,0.0,NULL
4677,FR - OMD - Renault - EU/FR,N/A,Yanco,N/A,N/A,Monitoring,5475370,9612009,0.570086782689,0.661017795551,0.997893572509,0.00210642749086,0.000293695105779,0.00110018623578,1.32126384817e-05,0.0,0.0,0.000786204007924,0.583651333152,0.583651333152,NULL,0.0,NULL,0.0,NULL
10752,FR - Remind PHD - Volkswagen - EU/FR,N/A,Caradisiac,N/A,N/A,Monitoring,5344808,5378616,0.996615116164,0.975832072786,0.996883956765,0.00311604323491,8.14335881201e-05,0.000147063854345,0.0,0.0,0.0,0.00291041412884,0.511131363372,0.511131363372,NULL,0.0,NULL,0.0,NULL
10752,FR - Remind PHD - Volkswagen - EU/FR,N/A,Orange,N/A,N/A,Monitoring,4570999,4944559,0.925745512888,0.863620800156,0.998175570359,0.00182442964074,9.08068849012e-05,0.000336936013909,0.0,0.0,0.0,0.00139830468197,0.655445778921,0.655445778921,NULL,0.0,NULL,0.0,NULL
10752,FR - Remind PHD - Volkswagen - EU/FR,N/A,Radiumone,N/A,N/A,Monitoring,4287082,4598238,0.936648222456,0.986395441036,0.988771786062,0.0112282139376,0.00566673582359,0.00207253300068,0.0,0.0,0.0,0.00460154520057,0.782455525693,0.782455525693,NULL,0.0,NULL,0.0,NULL
10752,FR - Remind PHD - Volkswagen - EU/FR,N/A,Nano,N/A,N/A,Monitoring,4052109,4458340,0.913333270222,0.959342042105,0.975589793511,0.0244102064894,0.0167421058062,0.00328463060242,0.0,0.0,0.0,0.00486279646685,0.708878759184,0.708878759184,NULL,0.0,NULL,0.0,NULL
10220,FR - OMD - Bacardi - EU/FR,N/A,Adotmob,N/A,N/A,Monitoring,3989492,6131573,0.650809365736,0.438241540955,0.998130496041,0.00186950395926,0.00128384673884,0.000355699915829,0.0,0.0,0.0,0.000248712687593,0.345266013818,0.345266013818,NULL,0.0,NULL,0.0,NULL
10752,FR - Remind PHD - Volkswagen - EU/FR,N/A,Boursorama,N/A,N/A,Monitoring,3625111,3647748,0.99837675795,0.999643889874,0.978360621403,0.0216393785974,1.91899221108e-06,0.0171843011085,0.0,0.0,0.0,0.00458885866019,0.502191243247,0.482479596807,0.570873149883,0.0,0.0,0.0,0.0
9716,OMD FR - Barilla FR,N/A,Invite Media,N/A,N/A,Monitoring,3494526,3504345,0.999577803445,0.923619107137,0.979363618593,0.0206363814065,0.0176401010745,0.000690856636547,0.0,0.0,0.0,0.00238018802372,0.652135368287,NULL,0.652133874307,0.0,0.0,0.0,0.0
10752,FR - Remind PHD - Volkswagen - EU/FR,N/A,S4M,N/A,N/A,Monitoring,3453287,4149427,0.833191865751,0.307648019835,0.993101939135,0.00689806086479,0.000968326470137,0.00487681793173,0.0,0.0,0.0,0.00115220728067,0.736425324625,0.736425324625,NULL,0.0,NULL,0.0,NULL
9716,OMD FR - Barilla FR,N/A,Amazon,N/A,N/A,Monitoring,3372053,3379990,0.9997230941,0.955646022621,0.982923913976,0.0170760860239,0.0131456010225,0.0018952718795,0.0,0.0,0.0,0.00207160376214,0.282976868988,NULL,0.282980767206,0.0,0.0,0.0,0.0
9716,OMD FR - Barilla FR,N/A,Teads INC,N/A,N/A,Monitoring,3053818,6366276,0.480286780066,0.870511269068,0.98632167377,0.0136783262303,0.0118923527664,0.000554484285633,0.0,0.0,0.0,0.00124923895854,0.622928085433,NULL,0.622928085433,0.0,0.0,0.0,0.0
10573,FR - OMD - McDonald's - EU/FR,N/A,Adthink,N/A,N/A,Monitoring,2867768,3015023,0.968887020931,0.978304974788,0.579411500343,0.420588499657,0.40326889712,0.00148987254824,0.0,0.0,0.0,0.0182923977694,0.370582976029,0.370582976029,NULL,0.0,NULL,0.0,NULL
4677,FR - OMD - Renault - EU/FR,N/A,Caradisiac,N/A,N/A,Monitoring,2577181,2590602,0.998154879364,0.999019532912,0.653212650959,0.346787349041,3.47409598232e-06,0.344453914573,0.000106538943458,0.0,0.0,0.00333204405771,0.666853046022,0.666853046022,NULL,0.0,NULL,0.0,NULL
11374,FR - OMD - Fedex - EU/FR,N/A,Lequipe,N/A,N/A,Monitoring,2530584,2685810,0.947660399446,0.959016460584,0.992722121073,0.00727787892666,0.000477323414538,0.00106522799453,0.0,0.0,0.0,0.00574351871502,0.431749351138,0.431749351138,NULL,0.0,NULL,0.0,NULL
4677,FR - OMD - Renault - EU/FR,N/A,Captify,N/A,N/A,Monitoring,2372372,2488878,0.955621330377,0.987637803058,0.995269354303,0.00473064569657,0.000118929091743,0.000393751722664,0.00177067738957,0.0,0.0,0.0025437164859,0.728149295304,0.728149295304,NULL,0.0,NULL,0.0,NULL
10752,FR - Remind PHD - Volkswagen - EU/FR,N/A,Overviews,N/A,N/A,Monitoring,2270780,2310511,0.999449391316,0.995109739793,0.982963076133,0.0170369238666,0.000305127307336,8.05016725737e-05,0.0,0.0,0.0,0.0166538917149,0.848937809916,NULL,0.84894006899,0.0,0.0,0.0,0.0
10573,FR - OMD - McDonald's - EU/FR,N/A,Webedia,N/A,N/A,Monitoring,2227796,2282173,0.976173147259,0.34099123949,1.0,0.0,0.0,0.0,0.0,0.0,0.0,0.0,0.561335508278,0.561335508278,NULL,0.0,NULL,0.0,NULL
10573,FR - OMD - McDonald's - EU/FR,N/A,Femmes actuelles,N/A,N/A,Monitoring,2226125,2239276,0.998208168974,0.999244845209,0.94020879963,0.0597912003701,0.0505011441198,0.000380926692377,0.0,0.00515300481048,0.0,0.00407765724279,0.765691504296,0.765691504296,NULL,0.0,NULL,0.0,NULL
10573,FR - OMD - McDonald's - EU/FR,N/A,Allocine,N/A,N/A,Monitoring,2166704,2197754,0.987746981877,0.684080201879,0.982724636151,0.0172753638487,0.0147910093668,0.00064429412937,0.0,0.0,0.0,0.00189830162975,0.473000003692,0.468222506871,NULL,0.0,0.0,0.0,0.0
11374,FR - OMD - Fedex - EU/FR,N/A,Le Point,N/A,N/A,Monitoring,1992894,2083810,0.999197290542,0.9738479036,0.951073754325,0.048926245675,0.00426046520556,0.00186245387055,0.0,0.0,0.0,0.0428599536426,0.203450359126,0.203450359126,NULL,0.0,NULL,0.0,NULL
10573,FR - OMD - McDonald's - EU/FR,N/A,Teads INC,N/A,N/A,Monitoring,1969020,5387328,0.366063080822,0.932348095382,0.920988475177,0.0790115248227,0.0699764335864,0.00177323526617,0.000134760682847,0.00569762969695,0.0,0.00156218444468,0.590386080385,0.0,0.590386380223,0.0,0.0,0.0,0.0
11208,FR - Remind PHD - Starbucks - EU/FR,N/A,Accuen,N/A,N/A,Monitoring,1844760,2059407,0.900716858828,0.973626874144,0.983554974806,0.0164450251941,0.00596336712461,0.00394094028038,0.0015358790176,0.0,0.0,0.00547779045133,0.73733873241,0.737338305262,NULL,0.0,0.0,0.0,0.0
4677,FR - OMD - Renault - EU/FR,N/A,Viamichelin,N/A,N/A,Monitoring,1790859,1806838,0.997424092891,0.999393415458,0.954435317389,0.0455646826113,0.0,0.0395558428592,2.21381219567e-06,0.0,0.0,0.00628224555826,0.909885702895,0.909885702895,NULL,0.0,NULL,0.0,NULL
4677,FR - OMD - Renault - EU/FR,N/A,TripAdvisor Inc,N/A,N/A,Monitoring,1784816,2010226,0.890302434742,0.964799977714,0.996075565633,0.00392443436708,4.82532809744e-05,0.00110087124532,4.22838029157e-05,0.0,0.0,0.00273402095088,0.804196623069,0.804196623069,NULL,0.0,NULL,0.0,NULL
10752,FR - Remind PHD - Volkswagen - EU/FR,N/A,Adikteev,N/A,N/A,Monitoring,1776982,1829947,0.994061860699,0.995370357721,0.945691869765,0.0543081302355,0.0112915838546,0.0202891121983,0.0,0.0,0.0,0.0231411073654,0.688659761326,0.688659761326,NULL,0.0,NULL,0.0,NULL
7302,FR - Remind PHD - La Compagnie - EU/FR,N/A,Sojern,N/A,N/A,Blocking,1648732,1847470,0.904291833724,0.971411173118,0.986879353927,0.0131206460727,0.00928404791417,0.0,0.0,0.0,0.0,0.00386041451282,0.581073819153,0.581073819153,NULL,0.0,NULL,0.0,NULL
10752,FR - Remind PHD - Volkswagen - EU/FR,N/A,Motors Regie,N/A,N/A,Monitoring,1595978,1631546,0.992395262304,0.994738732466,0.956701803075,0.0432981969249,0.0288818090327,0.000908953838874,0.0,0.0,0.0,0.0143017726745,0.655900018672,0.655900018672,NULL,0.0,NULL,0.0,NULL
8978,FR - Remind PHD - AXA - EU/FR,N/A,Caradisiac,N/A,N/A,Monitoring,1552933,3330396,0.468391414766,0.928031981782,0.995349501981,0.00465049801885,1.20105837264e-06,0.00017205161188,0.0,0.0,0.0,0.00448475196343,0.544749837887,0.544749837887,NULL,0.0,NULL,0.0,NULL
8978,FR - Remind PHD - AXA - EU/FR,N/A,La Centrale,N/A,N/A,Monitoring,1552423,3328819,0.468468329819,0.92797595784,0.995325669554,0.00467433044572,9.01220522954e-07,0.000178141256704,0.0,0.0,0.0,0.00450369936004,0.544917203623,0.544917203623,NULL,0.0,NULL,0.0,NULL
10752,FR - Remind PHD - Volkswagen - EU/FR,N/A,Figaro Medias,N/A,N/A,Monitoring,1446767,2252422,0.645259367357,0.94877070105,0.985172849493,0.0148271505073,0.00932951285328,0.00113611037363,0.0,0.0,0.0,0.00456131222302,0.842166706871,0.842166706871,NULL,0.0,NULL,0.0,NULL
10573,FR - OMD - McDonald's - EU/FR,N/A,Journal du Femmes,N/A,N/A,Monitoring,1441639,1448530,0.99918631174,0.997416691404,0.331056312261,0.668943687739,0.381784982016,8.35329610018e-05,0.0,0.284047965869,0.0,0.00394675981857,0.712353092556,0.712353092556,NULL,0.0,NULL,0.0,NULL
11374,FR - OMD - Fedex - EU/FR,N/A,Eurosport,N/A,N/A,Monitoring,1420007,1426716,0.999379261856,0.999603985657,0.965158447792,0.034841552208,7.00910342353e-06,0.0309353788701,0.0,0.0,0.0,0.0040828027442,0.737567490864,0.737567490864,NULL,0.0,NULL,0.0,NULL
10573,FR - OMD - McDonald's - EU/FR,N/A,TF1,N/A,N/A,Monitoring,1374361,2888580,0.476803893916,0.521287968483,0.987864971716,0.0121350282838,0.00814967908107,0.00193797644517,3.46190861946e-07,0.0,0.0,0.00212388093804,0.934130115741,NULL,0.934130115741,0.0,0.0,0.0,0.0
10906,FR - OMD - Longchamp - EU/FR,N/A,Advideum,N/A,N/A,Monitoring,1359190,1372396,0.999821249006,0.827431732532,0.988283993833,0.0117160061673,0.00183911932125,0.000439377555749,0.0,0.0,0.0,0.00944552446961,0.573858695252,NULL,0.573859117459,NULL,0.0,NULL,0.0
4677,FR - OMD - Renault - EU/FR,N/A,Singlespot,N/A,N/A,Monitoring,1328339,1641143,0.809920827274,0.442678060352,0.998700905406,0.00129909459444,9.13997134924e-05,0.000665999245648,1.82799426985e-06,0.0,0.0,0.000644672645833,0.626670601405,0.626670601405,NULL,0.0,NULL,0.0,NULL
11208,FR - Remind PHD - Starbucks - EU/FR,N/A,Mozo,N/A,N/A,Monitoring,1212087,1219859,0.998856177507,0.998947419333,0.9764874465,0.0235125535,0.0158288785835,0.00109930737897,0.00144688853384,0.0,0.0,0.00523339172806,0.361479002745,0.361479002745,NULL,0.0,NULL,0.0,NULL
4677,FR - OMD - Renault - EU/FR,N/A,Numbate,N/A,N/A,Monitoring,1190905,1269703,0.945009696843,0.998290938905,0.971246031552,0.0287539684477,0.0133582420456,0.00181223482972,0.00655980178042,0.0,0.0,0.00747812677453,0.397572434409,0.397572434409,NULL,0.0,NULL,0.0,NULL
10752,FR - Remind PHD - Volkswagen - EU/FR,N/A,Amazon,N/A,N/A,Monitoring,1188659,1762935,0.676794546739,0.958725080618,0.844302257315,0.155697742685,0.000375510157777,0.152710111263,0.0,0.0,0.0,0.00375113092655,0.0778053251605,0.0778053251605,NULL,0.0,NULL,0.0,NULL
10752,FR - Remind PHD - Volkswagen - EU/FR,N/A,Advideum,N/A,N/A,Monitoring,1183171,1223748,0.98899721984,0.932441156186,0.973933358829,0.0260666411712,0.00249479467995,0.00120858215907,0.0,0.0,0.0,0.0224016709323,0.647747451552,NULL,0.647746856113,0.0,0.0,0.0,0.0
10573,FR - OMD - McDonald's - EU/FR,N/A,Gulli,N/A,N/A,Monitoring,1158132,1180661,0.993635622667,0.989850600638,0.855352213718,0.144647786282,0.0113292469219,0.120848406105,0.0,0.0,0.0,0.0127953747943,0.517406478709,0.517406478709,NULL,0.0,NULL,0.0,NULL
11208,FR - Remind PHD - Starbucks - EU/FR,N/A,Amazon,N/A,N/A,Monitoring,1155019,1281499,0.905340559217,0.853094696133,0.989815832864,0.0101841671355,0.00231057534965,0.0047561488538,0.000515802197271,0.0,0.0,0.00445415876251,0.753780673738,0.753780673738,NULL,0.0,NULL,0.0,NULL
4677,FR - OMD - Renault - EU/FR,N/A,Orange,N/A,N/A,Monitoring,1119331,1121150,0.999649020652,0.9999589707,0.957276011238,0.0427239887615,0.00169914819605,0.000712661106899,0.0391223297507,0.0,0.0,0.00127190830843,0.455339841387,0.455339841387,NULL,0.0,NULL,0.0,NULL
11374,FR - OMD - Fedex - EU/FR,N/A,Manageo,N/A,N/A,Monitoring,1101993,1108085,0.998556523914,0.998073252503,0.991201036022,0.0087989639784,0.00142678585127,0.00332465469707,0.0,0.0,0.0,0.00405835292419,0.791991419183,0.791991419183,NULL,0.0,NULL,0.0,NULL
10573,FR - OMD - McDonald's - EU/FR,N/A,Widespace,N/A,N/A,Monitoring,1084861,1086900,0.999875575578,0.99952249517,0.979707424786,0.0202925752139,0.00924924096053,0.00789677063207,6.80835403441e-05,0.00141871377312,0.0,0.00175085104425,0.327725856124,0.327725856124,NULL,0.0,NULL,0.0,NULL
12003,FR - Remind Phd - Bethesda - EU/FR,N/A,DBM,N/A,N/A,Monitoring,1045751,1138161,0.923925018797,0.957012232891,0.985251647175,0.0147483528253,0.00566176489969,0.00373936552034,0.0,0.0,0.0,0.00553085196207,0.670549681521,0.670549681521,NULL,0.0,NULL,0.0,NULL
12003,FR - Remind Phd - Bethesda - EU/FR,N/A,Journal Du Geek,N/A,N/A,Monitoring,1043952,1073182,0.994329016121,0.99485269041,0.838607990071,0.161392009929,0.0102582786517,0.130063679786,0.0,0.0,0.0,0.0216850450343,0.512576248716,0.423865103436,0.657490842676,0.0,0.0,0.0,0.0
9716,OMD FR - Barilla FR,N/A,Freewheel,N/A,N/A,Monitoring,1023090,1045253,0.999810414313,0.972756834948,0.802819987123,0.197180012877,0.00759816044537,0.169253759616,0.0,0.0,0.0,0.0210159645559,0.722160318252,NULL,0.722161024114,NULL,0.0,NULL,0.0
7302,FR - Remind PHD - La Compagnie - EU/FR,N/A,Adara,N/A,N/A,Blocking,967776,1016664,0.96294490541,0.93906738116,0.988543904377,0.0114560956225,0.00367378012795,0.0,0.0,0.0,0.0,0.00780002045907,0.726764251232,0.726764251232,NULL,0.0,NULL,0.0,NULL
11268,BetGenius - FW - EU/UK,N/A,BetGenius,N/A,N/A,Blocking,888789,1027745,0.869836140338,0.999626366462,0.994204788153,0.0057952118473,0.00300658237209,0.0,0.000118706488477,0.0,0.0,0.00245586210587,0.758605248265,0.758605248265,NULL,0.0,NULL,0.0,NULL
11208,FR - Remind PHD - Starbucks - EU/FR,N/A,Enovate,N/A,N/A,Monitoring,873992,1978431,0.441953838156,0.64721994348,0.998063111627,0.00193688837265,0.00101696748585,0.000178424215957,0.000368979256795,0.0,0.0,0.000438226048824,0.611068522366,0.611068522366,NULL,0.0,NULL,0.0,NULL
4677,FR - OMD - Renault - EU/FR,N/A,Mozo,N/A,N/A,Monitoring,870058,872511,0.999143320426,0.99998280824,0.991549676738,0.0084503232624,0.000913455532366,0.000463031411638,0.00512772904869,0.0,0.0,0.00195642232591,0.795892917484,0.795892917484,NULL,0.0,NULL,0.0,NULL
8978,FR - Remind PHD - AXA - EU/FR,N/A,RadiumOne,N/A,N/A,Monitoring,854472,946149,0.935299661442,0.935225847092,0.952384878069,0.0476151219311,0.00629604850822,0.00880728088282,0.0,0.0,0.0,0.0344047290649,0.818356833226,0.818356833226,NULL,0.0,NULL,0.0,NULL
4677,FR - OMD - Renault - EU/FR,N/A,Widespace,N/A,N/A,Monitoring,833735,834789,0.999804532449,0.999983229295,0.67144751548,0.32855248452,0.318613446032,0.00514860641432,0.00412319759844,0.0,0.0,0.00106733557821,0.755308341379,0.755308341379,NULL,0.0,NULL,0.0,NULL
10573,FR - OMD - McDonald's - EU/FR,N/A,M6 Web,N/A,N/A,Monitoring,779036,1634842,0.477690610594,0.528540984389,0.97120700349,0.0287929965098,0.0255712784477,0.000726675727685,0.000136404618917,0.0,0.0,0.00244916634146,0.972582781797,NULL,0.972582781797,0.0,0.0,0.0,0.0
10906,FR - OMD - Longchamp - EU/FR,N/A,AdyouLike,N/A,N/A,Monitoring,731405,737048,0.999158494087,0.997386873039,0.985498909162,0.014501090838,0.00662100704432,0.0010935515733,0.0,0.0,0.0,0.00681909455015,0.725340953371,0.725340953371,NULL,0.0,NULL,0.0,NULL
10220,FR - OMD - Bacardi - EU/FR,N/A,Adikteev,N/A,N/A,Monitoring,720712,722113,0.99973921487,0.99999723035,0.954698225901,0.0453017740991,0.0436746049441,1.93875473783e-05,0.0,0.0,0.0,0.00167979249785,0.77109996781,0.77109996781,NULL,0.0,NULL,0.0,NULL
12003,FR - Remind Phd - Bethesda - EU/FR,N/A,Culture G,N/A,N/A,Monitoring,703054,722111,0.998365532764,0.998493306431,0.85391304107,0.14608695893,0.00518064397302,0.118456857741,0.0,0.0,0.0,0.0247745845168,0.304006520125,0.304006520125,NULL,0.0,NULL,0.0,NULL
10752,FR - Remind PHD - Volkswagen - EU/FR,N/A,Next Regie,N/A,N/A,Monitoring,699918,931957,0.766625118019,0.954002169628,0.976981770618,0.0230182293818,0.00252479459889,0.000203872067059,0.0,0.0,0.0,0.0203560893904,0.746723187573,0.625,0.746725970207,0.0,0.0,0.0,0.0
11016,FR - Remind PHD - Sergent Major - EU/FR,N/A,Advideum,N/A,N/A,Monitoring,677833,1628157,0.421369963839,0.41411178406,0.986828665786,0.0131713342141,0.000706934282136,0.000482754427245,0.0,0.0,0.0,0.0119865590358,0.580234364512,0.580234364512,NULL,0.0,NULL,0.0,NULL
10573,FR - OMD - McDonald's - EU/FR,N/A,Deezer,N/A,N/A,Monitoring,668457,683938,0.979820410891,0.815587085379,0.58405147835,0.41594852165,0.414464469002,0.000543908950811,0.0,0.0,0.0,0.00250607511207,0.104699329949,0.104699329949,NULL,0.0,NULL,0.0,NULL
10573,FR - OMD - McDonald's - EU/FR,N/A,GCA,N/A,N/A,Monitoring,646666,650994,0.996047637824,0.913937762867,0.995571387755,0.00442861224527,0.00119816772505,0.00054071158874,0.0,0.0,0.0,0.00270663016863,0.575284613695,0.447390049838,0.884552768175,0.0,0.0,0.0,0.0
10906,FR - OMD - Longchamp - EU/FR,N/A,Mobkoi,N/A,N/A,Monitoring,641868,743350,0.870684849003,0.773225264008,0.98530167485,0.0146983251497,0.00295284859084,0.00579538575368,0.0,0.0,0.0,0.00826528553171,0.662514722653,0.662514722653,NULL,0.0,NULL,0.0,NULL
12003,FR - Remind Phd - Bethesda - EU/FR,N/A,Webedia,N/A,N/A,Monitoring,640733,645783,0.998956972382,0.996695484396,0.830802297366,0.169197702634,0.000311250063876,0.163443447722,0.0,0.0,0.0,0.00678091557071,0.438619518583,0.438619518583,NULL,0.0,NULL,0.0,NULL
4677,FR - OMD - Renault - EU/FR,N/A,Adotmob,N/A,N/A,Monitoring,632442,897793,0.704902447044,0.587741272209,0.984231331721,0.0157686682788,0.00607601083992,0.000441081630175,0.00867571923595,0.0,0.0,0.00065493939026,0.550904272645,0.550904272645,NULL,0.0,NULL,0.0,NULL
10752,FR - Remind PHD - Volkswagen - EU/FR,N/A,IGP Media,N/A,N/A,Monitoring,549308,551463,0.998990657673,0.999089694141,0.996601766574,0.00339823342636,0.000295577400478,0.000226669785643,0.0,0.0,0.0,0.00290137325623,0.731210905357,0.731210905357,NULL,0.0,NULL,0.0,NULL
10752,FR - Remind PHD - Volkswagen - EU/FR,N/A,PLS Regie,N/A,N/A,Monitoring,544690,638410,0.892356588766,0.959831456274,0.942311367303,0.0576886326969,0.0,0.0138719631585,0.0,0.0,0.0,0.0438824579815,0.51457159118,0.51457159118,NULL,0.0,NULL,0.0,NULL
12003,FR - Remind Phd - Bethesda - EU/FR,N/A,Gamekult,N/A,N/A,Monitoring,543879,552263,0.998157402598,0.994824929427,0.983225383558,0.0167746164418,0.00250967383294,0.000925283786891,0.0,0.0,0.0,0.0133631983312,0.339082773926,0.295729776664,0.575271494286,0.0,0.0,0.0,0.0
10100,FR - OMD - Henkel - EU/FR,N/A,Singlespot,N/A,N/A,Monitoring,540798,747477,0.724167298262,0.504315182942,0.998377207593,0.00162279240699,4.94998508315e-05,0.000779957109048,0.0,0.0,0.0,0.000924443160124,0.632077041705,0.632077041705,NULL,0.0,NULL,0.0,NULL
10573,FR - OMD - McDonald's - EU/FR,N/A,FranceTV,N/A,N/A,Monitoring,487389,1014169,0.49142705612,0.691599723517,0.770105376914,0.229894623086,0.0288216263759,0.181444118288,0.000402299813936,0.0,0.0,0.022070286116,0.738389664108,0.91935483871,0.73836664088,0.0,0.0,0.0,0.0
9716,OMD FR - Barilla FR,N/A,Advideum,N/A,N/A,Monitoring,480391,842345,0.57495568665,0.565667274098,0.990167924069,0.00983207593088,0.0012904451264,0.000473677649894,0.0,0.0,0.0,0.00809169639518,0.529206417273,0.5,0.529206538867,0.0,0.0,0.0,0.0
11374,FR - OMD - Fedex - EU/FR,N/A,Media Figaro,N/A,N/A,Monitoring,472751,475958,0.999435539451,0.995726513684,0.992755663315,0.00724433668517,0.000731156950823,0.000346669243925,0.0,0.0,0.0,0.00617701561903,0.0783879886029,0.0783879886029,NULL,0.0,NULL,0.0,NULL
10752,FR - Remind PHD - Volkswagen - EU/FR,N/A,AOL,N/A,N/A,Monitoring,430246,432763,0.999045644213,0.995635024251,0.98494557067,0.0150544293297,0.00998005836913,0.000559197528439,0.0,0.0,0.0,0.0048617834704,0.597867266634,0.807459263857,0.431913210062,0.0,0.0,0.0,0.0
9716,OMD FR - Barilla FR,N/A,M6 Web,N/A,N/A,Monitoring,426023,427071,0.999791134725,0.999939120193,0.997272116346,0.00272788365401,0.000168590234411,0.000313765158487,0.0,0.0,0.0,0.00224552826111,0.971759740671,NULL,0.971759740671,NULL,0.0,NULL,0.0
4677,FR - OMD - Renault - EU/FR,N/A,M6 Web,N/A,N/A,Monitoring,392641,394193,0.999702106641,0.99998477903,0.992029285147,0.00797071485288,0.00245311306898,0.00070270146857,0.00118469886578,0.0,0.0,0.00364034876317,0.977488341768,NULL,0.977488341768,NULL,0.0,NULL,0.0
7302,FR - Remind PHD - La Compagnie - EU/FR,N/A,Travel Audience,N/A,N/A,Monitoring,374669,444266,0.854273545198,0.896100534365,0.985135031715,0.0148649682848,0.00210909680237,0.0,0.0,0.0,0.0,0.0127941368459,0.80413912013,0.80413912013,NULL,0.0,NULL,0.0,NULL
10752,FR - Remind PHD - Volkswagen - EU/FR,N/A,Infopro,N/A,N/A,Monitoring,367936,386281,0.997724900007,0.972652033105,0.952964292833,0.0470357071665,0.00149890882544,0.000222635853174,0.0,0.0,0.0,0.0453193400659,0.540096647243,0.540096647243,NULL,0.0,NULL,0.0,NULL
4677,FR - OMD - Renault - EU/FR,N/A,TF1,N/A,N/A,Monitoring,367647,546853,0.708037392537,0.732149224746,0.938581300642,0.061418699358,0.00169149661792,0.00132759626444,0.00896584639748,0.0,0.0,0.0504706017888,0.729528596725,NULL,0.729528596725,0.0,0.0,0.0,0.0
9716,OMD FR - Barilla FR,N/A,M6,N/A,N/A,Monitoring,363313,364503,0.999760594386,1.0,0.995050795192,0.00494920480764,0.00130863120468,0.000617278870133,0.0,0.0,0.0,0.00302603819447,0.971704838528,NULL,0.971704838528,NULL,0.0,NULL,0.0
12003,FR - Remind Phd - Bethesda - EU/FR,N/A,Amazon,N/A,N/A,Monitoring,323377,399962,0.811222966718,0.873610492997,0.973740005301,0.0262599946995,0.0100209519904,0.0144488726429,0.0,0.0,0.0,0.00331781519244,0.36867185978,0.36867185978,NULL,0.0,NULL,0.0,NULL
10752,FR - Remind PHD - Volkswagen - EU/FR,N/A,Le Parisien,N/A,N/A,Monitoring,318095,318794,0.999042085427,0.999896484877,0.9974215324,0.00257846759977,0.00112925588311,0.000213303889032,0.0,0.0,0.0,0.00123590782763,0.752209245666,0.752209245666,NULL,0.0,NULL,0.0,NULL
6102,FR - OMD - Intel - EU/FR,N/A,Quantum 11,N/A,N/A,Monitoring,312438,346478,0.906284626943,0.997341822569,0.989055582173,0.0109444178274,0.00116890538505,0.00497289871218,0.0,0.0,0.0,0.00499887438741,0.510744531715,0.510744531715,NULL,0.0,NULL,0.0,NULL
11234,FR - OMD - Levi's - EU/FR,N/A,lesinrocks,N/A,N/A,Monitoring,304630,466771,0.653851354687,0.999552242963,0.986059545259,0.0139404547412,0.0120101720115,8.14103703958e-05,0.0,0.0,0.0,0.00186386900643,0.172409152086,0.172409152086,NULL,0.0,NULL,0.0,NULL
12764,FR - OMD - Sony Pictures - EU/FR,N/A,TF1,N/A,N/A,Monitoring,289342,291843,0.999730495474,0.999904058004,0.990930054858,0.00906994514174,0.000342649986465,0.000428312483082,0.0,0.0,0.0,0.00830240917205,0.936663187508,NULL,0.936663187508,NULL,0.0,NULL,0.0
11016,FR - Remind PHD - Sergent Major - EU/FR,N/A,Mozo,N/A,N/A,Monitoring,249812,282910,0.889403152993,0.999763175568,0.966332049062,0.0336679509385,0.0252695203422,0.00130783641441,0.0,0.0,0.0,0.00718603089322,0.916196980129,0.916196980129,NULL,0.0,NULL,0.0,NULL
4874,FR - OMD - Leclerc - EU/FR,N/A,Invibes,N/A,N/A,Monitoring,236710,237572,0.998451979737,0.999882140993,0.960639300928,0.0393606990723,0.0342506692708,0.00308538043204,0.0,0.0,0.0,0.00207936962268,0.712040049005,0.712040049005,NULL,0.0,NULL,0.0,NULL
4677,FR - OMD - Renault - EU/FR,N/A,Lequipe,N/A,N/A,Monitoring,230286,231248,0.999722161928,0.996155642427,0.969859198782,0.0301408012177,0.0,0.0263829308794,0.0,0.0,0.0,0.00388327682834,0.423799101986,0.423799101986,NULL,0.0,NULL,0.0,NULL
11234,FR - OMD - Levi's - EU/FR,N/A,Vice,N/A,N/A,Monitoring,229157,233697,0.999533289134,0.998866053052,0.939969276456,0.0600307235437,0.0398079564564,0.00189561697412,0.0,0.0,0.0,0.0189647278313,0.492710237959,0.492710237959,NULL,0.0,NULL,0.0,NULL
10752,FR - Remind PHD - Volkswagen - EU/FR,N/A,MPublicite,N/A,N/A,Monitoring,193010,214980,0.904676419167,0.973267280677,0.985533538004,0.0144664619965,0.00523304493441,0.00172574192948,0.0,0.0,0.0,0.00759605544702,0.469203668204,NULL,0.469203668204,0.0,0.0,0.0,0.0
10829,FR - Remind PHD - VW - Audi - EU/FR,N/A,Purch,N/A,N/A,Monitoring,170754,270523,0.643102487232,0.979114530003,0.975754372087,0.0242456279133,0.00435822462415,0.00155624475553,0.0,0.0,0.0,0.018508592615,0.765147522166,0.765147522166,NULL,0.0,NULL,0.0,NULL
6102,FR - OMD - Intel - EU/FR,N/A,Invibes,N/A,N/A,Monitoring,153262,153627,0.999647786271,0.999498786021,0.950620659129,0.0493793408711,0.0443151268983,0.00312445078014,0.0,0.0,0.0,0.00202438373463,0.708453497932,0.708453497932,NULL,0.0,NULL,0.0,NULL
9716,OMD FR - Barilla FR,N/A,TF1,N/A,N/A,Monitoring,153130,153527,0.999601804284,1.0,0.997518351821,0.00248164817915,0.0,0.000293108052655,0.0,0.0,0.0,0.00218854012649,0.931456932019,NULL,0.931456932019,NULL,0.0,NULL,0.0
4677,FR - OMD - Renault - EU/FR,N/A,Canalplus,N/A,N/A,Monitoring,134737,135755,0.999777393576,0.999985267578,0.988626569924,0.0113734300762,0.00393355677507,0.000176789068543,0.0,0.0,0.0,0.007277816655,0.963773870577,NULL,0.963773870577,NULL,0.0,NULL,0.0
4677,FR - OMD - Renault - EU/FR,N/A,Motors Regie,N/A,N/A,Monitoring,119716,120206,0.99932385619,0.999209690032,0.97975974577,0.0202402542302,0.016097366188,0.000781990915595,0.0,0.0,0.0,0.00340249238807,0.306274850479,0.306274850479,NULL,0.0,NULL,0.0,NULL
11016,FR - Remind PHD - Sergent Major - EU/FR,N/A,Invibes,N/A,N/A,Monitoring,107986,108444,0.999037838838,0.999594260632,0.97380214673,0.0261978532699,0.0206650437092,0.00233300136476,0.0,0.0,0.0,0.00326435764081,0.741586872372,0.741586872372,NULL,0.0,NULL,0.0,NULL
11234,FR - OMD - Levi's - EU/FR,N/A,Piximedia,N/A,N/A,Monitoring,105787,106902,0.998197739153,0.998447175918,0.98490205983,0.0150979401695,0.00528521449552,0.0013189650334,0.0,0.0,0.0,0.00864343043161,0.573444752191,0.573444752191,NULL,0.0,NULL,0.0,NULL
10573,FR - OMD - McDonald's - EU/FR,N/A,Citizen Kid,N/A,N/A,Monitoring,91212,104113,0.887284895767,0.947115153727,0.868604304938,0.131395695062,0.0756485741454,0.0482168413166,0.0,0.0,0.0,0.012582482495,0.596029031268,0.596029031268,NULL,0.0,NULL,0.0,NULL
4677,FR - OMD - Renault - EU/FR,N/A,Ogury,N/A,N/A,Monitoring,70578,70696,0.998867785672,0.0859313115311,0.999448342198,0.000551657802422,0.0,1.4145071857e-05,0.0,0.0,0.0,0.000537512730565,0.893720422795,0.893720422795,NULL,0.0,NULL,0.0,NULL
11374,FR - OMD - Fedex - EU/FR,N/A,BeIN,N/A,N/A,Monitoring,57049,57345,0.998949377506,0.999093207777,0.95736332723,0.0426366727701,0.0,0.0388002441364,0.0,0.0,0.0,0.00411544162525,0.496327718277,0.496327718277,NULL,0.0,NULL,0.0,NULL
6102,FR - OMD - Intel - EU/FR,N/A,Seed Tag,N/A,N/A,Monitoring,50770,50871,0.999468472548,1.0,0.97017947357,0.0298205264296,0.027284700517,0.00121876904327,0.0,0.0,0.0,0.00145465982583,0.542012999803,0.542012999803,NULL,0.0,NULL,0.0,NULL
10752,FR - Remind PHD - Volkswagen - EU/FR,N/A,EDITIALIS SAS,N/A,N/A,Monitoring,49321,53749,0.98909054447,0.9386221139,0.916407747121,0.0835922528791,0.0,0.011386258349,0.0,0.0,0.0,0.072261809522,0.684069666065,0.684069666065,NULL,0.0,NULL,0.0,NULL
10752,FR - Remind PHD - Volkswagen - EU/FR,N/A,Teads INC,N/A,N/A,Monitoring,4136,263947,0.0156876429468,0.892781505378,0.986762493986,0.0132375060145,0.0118660185568,0.000257627478244,0.0,0.0,0.0,0.00113659181578,0.588974854932,NULL,NULL,0.0,0.0,0.0,0.0
11016,FR - Remind PHD - Sergent Major - EU/FR,N/A,Freewheel,N/A,N/A,Monitoring,15,187806,8.18424369404e-05,0.521032341885,0.973254315624,0.0267456843764,0.00249193316507,0.000165063948969,0.0,0.0,0.0,0.0241046611929,1.0,1.0,NULL,0.0,NULL,0.0,NULL
8978,FR - Remind PHD - AXA - EU/FR,N/A,Outlook,N/A,N/A,Monitoring,11,3590729,3.07032981204e-06,0.997782344477,0.796615951803,0.203384048197,0.0,0.201733965443,0.0,0.0,0.0,0.00224244157663,1.0,1.0,NULL,0.0,NULL,0.0,NULL
4677,FR - OMD - Renault - EU/FR,N/A,FranceTV,N/A,N/A,Monitoring,1,915808,1.1040988566e-06,0.455764745449,0.981789851148,0.0182101488522,0.00300608861246,0.000372348789266,0.00383158915406,0.0,0.0,0.0110197770712,0.0,NULL,NULL,0.0,0.0,0.0,0.0
6102,FR - OMD - Intel - EU/FR,N/A,Teads INC,N/A,N/A,Monitoring,0,133064,0.0,0.916220765947,0.989080442494,0.0109195575062,0.00904827752059,0.000578668911201,0.0,0.0,0.0,0.00132267179703,NULL,NULL,NULL,0.0,NULL,0.0,NULL
10573,FR - OMD - McDonald's - EU/FR,N/A,AdyouLike,N/A,N/A,Monitoring,0,2320430,0.0,0.986407260723,0.92054532996,0.0794546700396,0.0614420603078,0.000876130717152,0.0,0.0137289209328,0.0,0.0035497731024,NULL,NULL,NULL,0.0,NULL,0.0,NULL
10752,FR - Remind PHD - Volkswagen - EU/FR,N/A,Teads,N/A,N/A,Monitoring,0,424776,0.0,0.976314575211,0.986642371509,0.0133576284913,0.0116838051114,0.00032723129367,0.0,0.0,0.0,0.00136542554193,NULL,NULL,NULL,0.0,NULL,0.0,NULL
10752,FR - Remind PHD - Volkswagen - EU/FR,N/A,leboncoin,N/A,N/A,Monitoring,0,7155731,0.0,0.934725746398,0.997997129853,0.00200287014702,0.0,0.000114034471111,0.0,0.0,0.0,0.00189177038656,NULL,NULL,NULL,0.0,NULL,0.0,NULL
11016,FR - Remind PHD - Sergent Major - EU/FR,N/A,France TV Pluzz,N/A,N/A,Monitoring,0,366178,0.0,0.988816914178,0.985343193747,0.0146568062527,0.000996782985324,0.00026489849199,0.0,0.0,0.0,0.0134251648106,NULL,NULL,NULL,0.0,NULL,0.0,NULL
11016,FR - Remind PHD - Sergent Major - EU/FR,N/A,Yahoo!,N/A,N/A,Monitoring,0,7565065,0.0,0.776246734166,0.993480029583,0.00651997041665,0.00204082846611,0.00236587524364,0.0,0.0,0.0,0.00215199737213,NULL,NULL,NULL,0.0,NULL,0.0,NULL
11234,FR - OMD - Levi's - EU/FR,N/A,Advideum,N/A,N/A,Monitoring,0,2331633,0.0,0.68149661632,0.985511870865,0.0144881291352,0.00274571512755,0.000707658538029,0.0,0.0,0.0,0.0110527685961,NULL,NULL,NULL,0.0,NULL,0.0,NULL
